DROP DATABASE IF EXISTS vk;
CREATE DATABASE vk;
USE vk;

-- MariaDB dump 10.19  Distrib 10.5.12-MariaDB, for Linux (x86_64)
--
-- Host: mysql.hostinger.ro    Database: u574849695_25
-- ------------------------------------------------------
-- Server versioxn	10.5.12-MariaDB-cll-lve

/*!40101 SET @OLD_CHARACTER_SET_CLIENT = @@CHARACTER_SET_CLIENT */;
/*!40101 SET @OLD_CHARACTER_SET_RESULTS = @@CHARACTER_SET_RESULTS */;
/*!40101 SET @OLD_COLLATION_CONNECTION = @@COLLATION_CONNECTION */;
/*!40101 SET NAMES utf8mb4 */;
/*!40103 SET @OLD_TIME_ZONE = @@TIME_ZONE */;
/*!40103 SET TIME_ZONE = '+00:00' */;
/*!40014 SET @OLD_UNIQUE_CHECKS = @@UNIQUE_CHECKS, UNIQUE_CHECKS = 0 */;
/*!40014 SET @OLD_FOREIGN_KEY_CHECKS = @@FOREIGN_KEY_CHECKS, FOREIGN_KEY_CHECKS = 0 */;
/*!40101 SET @OLD_SQL_MODE = @@SQL_MODE, SQL_MODE = 'NO_AUTO_VALUE_ON_ZERO' */;
/*!40111 SET @OLD_SQL_NOTES = @@SQL_NOTES, SQL_NOTES = 0 */;

--
-- Table structure for table `communities`
--

DROP TABLE IF EXISTS `communities`;
/*!40101 SET @saved_cs_client = @@character_set_client */;
/*!40101 SET character_set_client = utf8 */;
CREATE TABLE `communities`
(
    `id`            bigint(20) unsigned NOT NULL AUTO_INCREMENT,
    `name`          varchar(150) COLLATE utf8mb4_unicode_ci DEFAULT NULL,
    `admin_user_id` bigint(20) unsigned                     DEFAULT NULL,
    PRIMARY KEY (`id`),
    KEY `communities_name_idx` (`name`),
    KEY `admin_user_id` (`admin_user_id`),
    CONSTRAINT `communities_ibfk_1` FOREIGN KEY (`admin_user_id`) REFERENCES `users` (`id`) ON DELETE SET NULL ON UPDATE CASCADE
) ENGINE = InnoDB
  AUTO_INCREMENT = 101
  DEFAULT CHARSET = utf8mb4
  COLLATE = utf8mb4_unicode_ci;
/*!40101 SET character_set_client = @saved_cs_client */;

--
-- Dumping data for table `communities`
--

LOCK TABLES `communities` WRITE;
/*!40000 ALTER TABLE `communities`
    DISABLE KEYS */;
INSERT INTO `communities`
VALUES (1, '', 1),
       (2, '35', 2),
       (3, '62', 3),
       (4, '55', 4),
       (5, '61', 5),
       (6, '6', 6),
       (7, '18', 7),
       (8, '53', 8),
       (9, '5', 9),
       (10, '62', 10),
       (11, '65', 11),
       (12, '60', 12),
       (13, '15', 13),
       (14, '1', 14),
       (15, '86', 15),
       (16, '99', 16),
       (17, '61', 17),
       (18, '69', 18),
       (19, '13', 19),
       (20, '43', 20),
       (21, '14', 21),
       (22, '72', 22),
       (23, '57', 23),
       (24, '58', 24),
       (25, '66', 25),
       (26, '3', 26),
       (27, '23', 27),
       (28, '62', 28),
       (29, '90', 29),
       (30, '16', 30),
       (31, '45', 31),
       (32, '83', 32),
       (33, '61', 33),
       (34, '1', 34),
       (35, '48', 35),
       (36, '1', 36),
       (37, '41', 37),
       (38, '63', 38),
       (39, '14', 39),
       (40, '76', 40),
       (41, '33', 41),
       (42, '85', 42),
       (43, '95', 43),
       (44, '97', 44),
       (45, '29', 45),
       (46, '86', 46),
       (47, '11', 47),
       (48, '69', 48),
       (49, '87', 49),
       (50, '4', 50),
       (51, '47', 51),
       (52, '94', 52),
       (53, '90', 53),
       (54, '91', 54),
       (55, '33', 55),
       (56, '8', 56),
       (57, '48', 57),
       (58, '50', 58),
       (59, '83', 59),
       (60, '3', 60),
       (61, '36', 61),
       (62, '46', 62),
       (63, '37', 63),
       (64, '17', 64),
       (65, '72', 65),
       (66, '12', 66),
       (67, '33', 67),
       (68, '46', 68),
       (69, '66', 69),
       (70, '30', 70),
       (71, '58', 71),
       (72, '10', 72),
       (73, '38', 73),
       (74, '3', 74),
       (75, '94', 75),
       (76, '61', 76),
       (77, '16', 77),
       (78, '17', 78),
       (79, '6', 79),
       (80, '44', 80),
       (81, '5', 81),
       (82, '58', 82),
       (83, '76', 83),
       (84, '43', 84),
       (85, '100', 85),
       (86, '80', 86),
       (87, '5', 87),
       (88, '64', 88),
       (89, '53', 89),
       (90, '72', 90),
       (91, '50', 91),
       (92, '67', 92),
       (93, '14', 93),
       (94, '67', 94),
       (95, '23', 95),
       (96, '88', 96),
       (97, '23', 97),
       (98, '38', 98),
       (99, '26', 99),
       (100, '7', 100);
/*!40000 ALTER TABLE `communities`
    ENABLE KEYS */;
UNLOCK TABLES;

--
-- Table structure for table `friend_requests`
--

DROP TABLE IF EXISTS `friend_requests`;
/*!40101 SET @saved_cs_client = @@character_set_client */;
/*!40101 SET character_set_client = utf8 */;
CREATE TABLE `friend_requests`
(
    `initiator_user_id` bigint(20) unsigned NOT NULL,
    `target_user_id`    bigint(20) unsigned NOT NULL,
    `status`            enum ('requested','approved','declined','unfriended') COLLATE utf8mb4_unicode_ci DEFAULT NULL,
    `requested_at`      datetime                                                                         DEFAULT current_timestamp(),
    `updated_at`        datetime                                                                         DEFAULT NULL ON UPDATE current_timestamp(),
    PRIMARY KEY (`initiator_user_id`, `target_user_id`),
    KEY `target_user_id` (`target_user_id`),
    CONSTRAINT `friend_requests_ibfk_1` FOREIGN KEY (`initiator_user_id`) REFERENCES `users` (`id`) ON DELETE CASCADE ON UPDATE CASCADE,
    CONSTRAINT `friend_requests_ibfk_2` FOREIGN KEY (`target_user_id`) REFERENCES `users` (`id`) ON DELETE CASCADE ON UPDATE CASCADE
) ENGINE = InnoDB
  DEFAULT CHARSET = utf8mb4
  COLLATE = utf8mb4_unicode_ci;
/*!40101 SET character_set_client = @saved_cs_client */;

--
-- Dumping data for table `friend_requests`
--

LOCK TABLES `friend_requests` WRITE;
/*!40000 ALTER TABLE `friend_requests`
    DISABLE KEYS */;
INSERT INTO `friend_requests`
VALUES (1, 1, 'unfriended', '2017-01-16 01:14:37', '2012-06-12 23:46:31'),
       (2, 2, 'declined', '2013-02-14 06:31:47', '1983-09-12 18:29:12'),
       (3, 3, 'approved', '1996-02-02 07:06:07', '1980-11-22 10:22:45'),
       (4, 4, 'unfriended', '1977-09-04 06:07:07', '2011-06-08 03:06:27'),
       (5, 5, 'requested', '1992-04-06 15:49:16', '2008-04-07 02:11:27'),
       (6, 6, 'unfriended', '2020-03-17 13:22:17', '2018-04-12 15:27:02'),
       (7, 7, 'approved', '1991-07-30 16:29:34', '1970-04-26 07:50:14'),
       (8, 8, 'unfriended', '1970-05-26 22:04:25', '1983-03-16 04:16:53'),
       (9, 9, 'declined', '1977-07-19 12:49:46', '1984-11-26 17:28:31'),
       (10, 10, 'requested', '1997-05-03 08:27:49', '1970-10-30 21:20:34'),
       (11, 11, 'requested', '1980-10-13 19:54:22', '2019-10-21 17:53:59'),
       (12, 12, 'unfriended', '1984-08-25 16:34:28', '1971-10-12 20:38:01'),
       (13, 13, 'unfriended', '2000-08-30 10:39:38', '1981-10-06 04:21:34'),
       (14, 14, 'unfriended', '1972-01-06 20:46:24', '1995-01-03 09:46:41'),
       (15, 15, 'declined', '2018-04-15 06:24:23', '1979-02-06 07:23:18'),
       (16, 16, 'requested', '2017-02-14 05:32:49', '1996-05-02 04:21:22'),
       (17, 17, 'approved', '1987-04-20 00:02:38', '2008-09-22 02:40:42'),
       (18, 18, 'requested', '1994-10-19 21:16:50', '2013-03-13 03:46:40'),
       (19, 19, 'declined', '2013-11-03 12:52:42', '2020-05-25 07:15:22'),
       (20, 20, 'requested', '2016-06-19 16:04:45', '1999-11-22 20:01:19'),
       (21, 21, 'declined', '2006-02-05 06:48:29', '2017-03-18 19:11:10'),
       (22, 22, 'requested', '1995-08-05 19:11:33', '2002-09-02 08:01:47'),
       (23, 23, 'approved', '2013-05-11 00:15:01', '2019-09-04 08:20:29'),
       (24, 24, 'requested', '1991-08-03 09:44:45', '1980-02-16 11:52:39'),
       (25, 25, 'approved', '1986-03-07 05:22:43', '2003-08-12 22:21:00'),
       (26, 26, 'requested', '1993-01-16 20:08:17', '2018-08-02 22:01:47'),
       (27, 27, 'unfriended', '2000-10-21 16:44:04', '1972-02-26 00:37:55'),
       (28, 28, 'unfriended', '1976-09-25 11:41:07', '2016-10-10 06:02:01'),
       (29, 29, 'declined', '2020-02-12 20:17:25', '2002-05-03 23:38:45'),
       (30, 30, 'declined', '1981-04-26 20:15:18', '1993-11-29 20:32:57'),
       (31, 31, 'declined', '2016-07-21 12:15:19', '2014-08-06 10:49:22'),
       (32, 32, 'requested', '1971-08-30 00:07:27', '1987-03-30 17:54:43'),
       (33, 33, 'declined', '1978-11-07 21:55:22', '1987-10-14 10:47:49'),
       (34, 34, 'declined', '2015-12-25 16:55:50', '2003-12-06 08:47:06'),
       (35, 35, 'approved', '2016-03-07 07:30:30', '2000-07-11 19:37:46'),
       (36, 36, 'requested', '1983-01-07 08:55:20', '1978-11-24 05:53:21'),
       (37, 37, 'unfriended', '1988-07-07 22:37:54', '2004-10-28 09:52:25'),
       (38, 38, 'requested', '1999-07-12 04:00:21', '1996-07-30 05:57:23'),
       (39, 39, 'unfriended', '1983-12-19 05:00:11', '2021-02-04 09:50:22'),
       (40, 40, 'unfriended', '2014-11-01 08:15:19', '2007-06-30 10:22:19'),
       (41, 41, 'unfriended', '1979-02-24 19:56:37', '2015-01-22 09:24:35'),
       (42, 42, 'approved', '1977-06-26 19:06:59', '2017-01-10 11:21:15'),
       (43, 43, 'requested', '1988-08-20 18:50:47', '2015-09-05 07:07:37'),
       (44, 44, 'declined', '2011-12-30 16:13:58', '2000-01-17 23:39:28'),
       (45, 45, 'declined', '2022-02-19 11:21:56', '1992-10-23 12:02:38'),
       (46, 46, 'unfriended', '2000-02-14 18:09:59', '1995-08-16 19:06:06'),
       (47, 47, 'approved', '2008-10-11 22:29:35', '1999-05-26 04:07:35'),
       (48, 48, 'declined', '1973-08-23 08:14:49', '1978-04-13 06:39:44'),
       (49, 49, 'unfriended', '1993-11-01 09:49:54', '2009-08-15 14:04:56'),
       (50, 50, 'requested', '1974-02-05 08:22:30', '1991-01-27 06:23:02'),
       (51, 51, 'approved', '1970-04-13 07:44:36', '2019-01-29 01:51:38'),
       (52, 52, 'approved', '1993-08-20 17:39:24', '1996-02-07 18:02:33'),
       (53, 53, 'declined', '1992-10-09 12:39:47', '1984-03-23 00:36:16'),
       (54, 54, 'requested', '2004-08-17 03:51:49', '1987-05-15 08:48:31'),
       (55, 55, 'approved', '2012-04-10 17:16:37', '1991-06-17 03:12:38'),
       (56, 56, 'declined', '1995-11-22 01:03:30', '1995-01-31 21:40:35'),
       (57, 57, 'declined', '1970-11-27 18:18:09', '2005-06-20 12:52:33'),
       (58, 58, 'approved', '2000-07-30 21:20:03', '1993-04-16 02:06:32'),
       (59, 59, 'approved', '1972-01-03 06:00:46', '1983-12-22 00:21:51'),
       (60, 60, 'declined', '1986-10-07 15:51:08', '1977-01-26 06:59:57'),
       (61, 61, 'approved', '2001-12-04 23:37:36', '1993-12-01 21:12:41'),
       (62, 62, 'unfriended', '2003-05-24 16:57:13', '1974-09-14 10:01:04'),
       (63, 63, 'declined', '1990-05-30 17:52:56', '1999-12-26 18:39:17'),
       (64, 64, 'unfriended', '2013-06-03 02:58:53', '2014-06-03 17:45:01'),
       (65, 65, 'unfriended', '2020-05-12 13:41:58', '2021-01-20 04:58:57'),
       (66, 66, 'declined', '1977-07-21 01:45:26', '1990-04-12 08:50:50'),
       (67, 67, 'approved', '1988-11-30 09:47:54', '1994-08-09 04:42:29'),
       (68, 68, 'unfriended', '1993-05-20 10:17:46', '2008-12-15 14:24:07'),
       (69, 69, 'declined', '2016-03-24 14:45:12', '2000-03-15 16:08:48'),
       (70, 70, 'declined', '1999-06-04 02:27:52', '2012-06-17 08:26:21'),
       (71, 71, 'approved', '1990-12-19 17:19:41', '2010-12-25 16:34:22'),
       (72, 72, 'declined', '1974-01-15 10:26:09', '2017-04-29 00:50:18'),
       (73, 73, 'unfriended', '1997-06-24 20:28:38', '2013-11-16 18:22:27'),
       (74, 74, 'requested', '2020-09-08 23:48:18', '1999-05-13 14:46:40'),
       (75, 75, 'requested', '1985-02-26 08:09:19', '2017-08-16 11:18:39'),
       (76, 76, 'requested', '1981-03-21 15:29:03', '2010-08-25 15:50:49'),
       (77, 77, 'unfriended', '1971-05-28 20:28:37', '1999-05-06 16:25:24'),
       (78, 78, 'approved', '2003-01-03 10:57:14', '2010-03-30 21:45:53'),
       (79, 79, 'declined', '2017-11-17 03:13:09', '1982-03-18 01:38:38'),
       (80, 80, 'unfriended', '2018-10-20 12:27:33', '2010-07-14 07:07:19'),
       (81, 81, 'requested', '1972-12-21 09:38:48', '2019-01-20 08:18:48'),
       (82, 82, 'approved', '2003-03-28 11:54:27', '2005-11-12 12:54:12'),
       (83, 83, 'requested', '2010-07-13 16:23:00', '1989-08-13 17:21:38'),
       (84, 84, 'unfriended', '1989-08-02 13:05:21', '2006-04-13 13:35:41'),
       (85, 85, 'approved', '1975-07-01 05:30:10', '1978-09-20 13:43:03'),
       (86, 86, 'unfriended', '2018-05-20 13:44:03', '1983-03-09 23:39:29'),
       (87, 87, 'declined', '1991-11-06 11:10:59', '2000-12-28 04:53:46'),
       (88, 88, 'unfriended', '2011-05-24 08:42:30', '2002-05-28 04:27:19'),
       (89, 89, 'approved', '1990-10-14 15:35:42', '2006-01-09 21:19:11'),
       (90, 90, 'declined', '1979-07-13 23:01:05', '1983-07-22 14:35:45'),
       (91, 91, 'declined', '2007-01-24 17:38:53', '1988-11-05 16:08:48'),
       (92, 92, 'approved', '2013-12-15 09:00:23', '1996-06-18 14:03:45'),
       (93, 93, 'unfriended', '1993-12-01 16:24:53', '2006-01-07 03:22:15'),
       (94, 94, 'declined', '2012-12-09 21:18:22', '1977-01-15 15:02:21'),
       (95, 95, 'declined', '1984-02-24 21:14:01', '2003-08-31 11:19:24'),
       (96, 96, 'requested', '2006-10-31 21:55:01', '1974-09-13 05:00:14'),
       (97, 97, 'declined', '1988-09-02 14:37:21', '2019-03-17 01:35:44'),
       (98, 98, 'requested', '1986-08-25 14:26:49', '1972-06-08 08:51:21'),
       (99, 99, 'unfriended', '1976-03-26 04:51:04', '1996-04-01 13:02:37'),
       (100, 100, 'declined', '2001-02-10 14:42:00', '2013-02-25 07:45:33');
/*!40000 ALTER TABLE `friend_requests`
    ENABLE KEYS */;
UNLOCK TABLES;

--
-- Table structure for table `likes`
--

DROP TABLE IF EXISTS `likes`;
/*!40101 SET @saved_cs_client = @@character_set_client */;
/*!40101 SET character_set_client = utf8 */;
CREATE TABLE `likes`
(
    `id`         bigint(20) unsigned NOT NULL AUTO_INCREMENT,
    `user_id`    bigint(20) unsigned NOT NULL,
    `media_id`   bigint(20) unsigned NOT NULL,
    `created_at` datetime DEFAULT current_timestamp(),
    PRIMARY KEY (`id`),
    KEY `user_id` (`user_id`),
    KEY `media_id` (`media_id`),
    CONSTRAINT `likes_ibfk_1` FOREIGN KEY (`user_id`) REFERENCES `users` (`id`) ON DELETE CASCADE ON UPDATE CASCADE,
    CONSTRAINT `likes_ibfk_2` FOREIGN KEY (`media_id`) REFERENCES `media` (`id`) ON DELETE CASCADE ON UPDATE CASCADE
) ENGINE = InnoDB
  AUTO_INCREMENT = 101
  DEFAULT CHARSET = utf8mb4
  COLLATE = utf8mb4_unicode_ci;
/*!40101 SET character_set_client = @saved_cs_client */;

--
-- Dumping data for table `likes`
--

LOCK TABLES `likes` WRITE;
/*!40000 ALTER TABLE `likes`
    DISABLE KEYS */;
INSERT INTO `likes`
VALUES (1, 1, 1, '1989-09-26 02:21:15'),
       (2, 2, 2, '2020-07-25 18:53:33'),
       (3, 3, 3, '1981-03-22 09:23:13'),
       (4, 4, 4, '2011-11-21 06:42:15'),
       (5, 5, 5, '1993-04-16 20:17:10'),
       (6, 6, 6, '1970-02-23 07:53:23'),
       (7, 7, 7, '1993-09-26 09:37:55'),
       (8, 8, 8, '1973-04-27 21:11:32'),
       (9, 9, 9, '2006-03-10 17:32:25'),
       (10, 10, 10, '1972-01-02 04:43:58'),
       (11, 11, 11, '1992-09-21 02:59:40'),
       (12, 12, 12, '1996-06-19 22:58:46'),
       (13, 13, 13, '2004-05-06 13:28:37'),
       (14, 14, 14, '2014-05-11 00:43:00'),
       (15, 15, 15, '1970-09-08 15:45:10'),
       (16, 16, 16, '1989-03-04 23:17:39'),
       (17, 17, 17, '2007-10-09 16:37:24'),
       (18, 18, 18, '1971-10-10 18:32:40'),
       (19, 19, 19, '1994-01-04 11:02:05'),
       (20, 20, 20, '1999-09-10 18:01:22'),
       (21, 21, 21, '1995-11-12 10:22:15'),
       (22, 22, 22, '1971-11-28 02:22:50'),
       (23, 23, 23, '1975-04-28 00:30:09'),
       (24, 24, 24, '1984-10-26 12:01:13'),
       (25, 25, 25, '1979-11-26 03:04:37'),
       (26, 26, 26, '1999-05-24 08:04:01'),
       (27, 27, 27, '2018-10-16 23:24:14'),
       (28, 28, 28, '2002-06-09 06:13:04'),
       (29, 29, 29, '2017-09-08 03:11:30'),
       (30, 30, 30, '1975-01-29 14:22:34'),
       (31, 31, 31, '1997-12-27 09:17:56'),
       (32, 32, 32, '2001-04-30 15:07:30'),
       (33, 33, 33, '1973-01-31 05:27:57'),
       (34, 34, 34, '2011-06-28 11:17:38'),
       (35, 35, 35, '1984-11-26 03:02:12'),
       (36, 36, 36, '2009-04-07 15:06:39'),
       (37, 37, 37, '2001-12-03 16:44:44'),
       (38, 38, 38, '1988-08-20 19:40:43'),
       (39, 39, 39, '2005-04-04 01:42:13'),
       (40, 40, 40, '1991-04-09 13:17:39'),
       (41, 41, 41, '2018-05-07 04:15:15'),
       (42, 42, 42, '2016-07-09 15:57:55'),
       (43, 43, 43, '1974-04-19 12:19:19'),
       (44, 44, 44, '2007-02-14 00:35:44'),
       (45, 45, 45, '2013-09-23 14:44:50'),
       (46, 46, 46, '2001-05-08 07:03:23'),
       (47, 47, 47, '1994-11-08 10:22:04'),
       (48, 48, 48, '2006-05-05 00:01:08'),
       (49, 49, 49, '1980-09-23 09:29:00'),
       (50, 50, 50, '2002-02-26 04:01:15'),
       (51, 51, 51, '1987-01-17 21:01:39'),
       (52, 52, 52, '2018-01-07 14:33:27'),
       (53, 53, 53, '1993-12-22 12:54:30'),
       (54, 54, 54, '1972-12-10 04:26:41'),
       (55, 55, 55, '1986-05-08 12:13:34'),
       (56, 56, 56, '1994-08-09 03:37:48'),
       (57, 57, 57, '1971-04-01 13:38:41'),
       (58, 58, 58, '1988-02-13 07:01:48'),
       (59, 59, 59, '1985-07-30 20:43:45'),
       (60, 60, 60, '1997-06-22 19:41:04'),
       (61, 61, 61, '2003-06-14 11:00:04'),
       (62, 62, 62, '2011-04-17 15:47:04'),
       (63, 63, 63, '2012-10-10 12:30:32'),
       (64, 64, 64, '2017-10-21 01:38:53'),
       (65, 65, 65, '2021-12-10 17:40:59'),
       (66, 66, 66, '1987-10-31 12:46:26'),
       (67, 67, 67, '1980-08-08 02:47:14'),
       (68, 68, 68, '2009-09-25 22:31:19'),
       (69, 69, 69, '1988-10-19 17:14:15'),
       (70, 70, 70, '2015-12-13 18:48:56'),
       (71, 71, 71, '2000-04-11 21:16:58'),
       (72, 72, 72, '2019-12-18 22:25:54'),
       (73, 73, 73, '2020-01-25 18:03:07'),
       (74, 74, 74, '2016-06-04 11:32:34'),
       (75, 75, 75, '2010-11-10 00:36:48'),
       (76, 76, 76, '2021-07-16 22:12:35'),
       (77, 77, 77, '2006-12-06 16:26:54'),
       (78, 78, 78, '2006-06-14 03:42:20'),
       (79, 79, 79, '1993-03-06 15:48:14'),
       (80, 80, 80, '2020-10-24 08:40:19'),
       (81, 81, 81, '1970-05-28 08:57:16'),
       (82, 82, 82, '1999-03-13 17:17:22'),
       (83, 83, 83, '1976-07-13 09:17:48'),
       (84, 84, 84, '2019-07-22 04:12:40'),
       (85, 85, 85, '1990-06-22 13:50:50'),
       (86, 86, 86, '1971-02-17 16:37:56'),
       (87, 87, 87, '1983-10-03 04:52:53'),
       (88, 88, 88, '1985-06-20 07:03:21'),
       (89, 89, 89, '2012-06-04 00:47:29'),
       (90, 90, 90, '2006-04-01 06:59:01'),
       (91, 91, 91, '2008-10-08 06:11:30'),
       (92, 92, 92, '1981-07-14 18:08:22'),
       (93, 93, 93, '1987-03-28 05:25:05'),
       (94, 94, 94, '2004-12-06 16:14:47'),
       (95, 95, 95, '1972-09-07 06:59:11'),
       (96, 96, 96, '2006-09-07 10:14:15'),
       (97, 97, 97, '1995-10-04 12:45:34'),
       (98, 98, 98, '2005-07-08 10:04:15'),
       (99, 99, 99, '2007-09-07 21:37:29'),
       (100, 100, 100, '2017-08-13 21:51:58');
/*!40000 ALTER TABLE `likes`
    ENABLE KEYS */;
UNLOCK TABLES;

--
-- Table structure for table `media`
--

DROP TABLE IF EXISTS `media`;
/*!40101 SET @saved_cs_client = @@character_set_client */;
/*!40101 SET character_set_client = utf8 */;
CREATE TABLE `media`
(
    `id`            bigint(20) unsigned NOT NULL AUTO_INCREMENT,
    `media_type_id` bigint(20) unsigned                                DEFAULT NULL,
    `user_id`       bigint(20) unsigned NOT NULL,
    `body`          text COLLATE utf8mb4_unicode_ci                    DEFAULT NULL,
    `filename`      varchar(255) COLLATE utf8mb4_unicode_ci            DEFAULT NULL,
    `size`          int(11)                                            DEFAULT NULL,
    `metadata`      longtext CHARACTER SET utf8mb4 COLLATE utf8mb4_bin DEFAULT NULL CHECK (json_valid(`metadata`)),
    `created_at`    datetime                                           DEFAULT current_timestamp(),
    `updated_at`    datetime                                           DEFAULT current_timestamp() ON UPDATE current_timestamp(),
    PRIMARY KEY (`id`),
    KEY `user_id` (`user_id`),
    KEY `media_type_id` (`media_type_id`),
    CONSTRAINT `media_ibfk_1` FOREIGN KEY (`user_id`) REFERENCES `users` (`id`) ON DELETE CASCADE ON UPDATE CASCADE,
    CONSTRAINT `media_ibfk_2` FOREIGN KEY (`media_type_id`) REFERENCES `media_types` (`id`) ON DELETE SET NULL ON UPDATE CASCADE
) ENGINE = InnoDB
  AUTO_INCREMENT = 101
  DEFAULT CHARSET = utf8mb4
  COLLATE = utf8mb4_unicode_ci;
/*!40101 SET character_set_client = @saved_cs_client */;

--
-- Dumping data for table `media`
--

LOCK TABLES `media` WRITE;
/*!40000 ALTER TABLE `media`
    DISABLE KEYS */;
INSERT INTO `media`
VALUES (1, 1, 1,
        'Ea culpa consequatur blanditiis molestias temporibus ut quia dolorum. Sapiente id quod quia velit fugit et. Ut molestias est id itaque. Et a necessitatibus esse impedit provident. Explicabo aut cumque in voluptas vel.',
        'quidem', 548067563, '1346097450', '1986-03-09 11:33:08', '2020-04-13 11:58:29'),
       (2, 2, 2,
        'Rerum et et rem fugiat culpa ut velit. Sed tempore quas at est. Distinctio labore repellendus est dolores.',
        'earum', 159, '1453986864', '1970-11-16 14:10:05', '1980-03-24 10:01:49'),
       (3, 3, 3,
        'Iure necessitatibus totam tempore neque. Tenetur provident saepe architecto aperiam odit aliquid aliquam. Omnis cumque perferendis aspernatur quas. Officiis ut est beatae est veniam sunt rem.',
        'aut', 62518651, '1111037102', '1973-03-25 14:35:33', '2014-11-13 09:18:12'),
       (4, 4, 4,
        'Saepe non a quia aut molestias veniam hic. Dolorem et tenetur nulla consequatur ut blanditiis inventore. Labore iste temporibus odit esse aliquid id consequatur.',
        'est', 790478943, '1560426339', '1994-10-05 01:39:38', '2020-08-22 09:21:27'),
       (5, 1, 5,
        'Sunt quo accusamus dolor dolores nostrum. Voluptatem voluptate aut quia earum et. Quae dolor doloremque molestiae saepe eveniet.',
        'id', 8314, '665070275', '1998-04-11 20:56:39', '2019-01-15 18:51:04'),
       (6, 2, 6,
        'Et voluptas similique voluptatem et fuga ea quia. Dignissimos maiores itaque facilis quod. Ea asperiores in autem delectus fugiat incidunt. Vel veniam iste vel atque. Est quas magni quasi voluptatem.',
        'eveniet', 530170, '1152045383', '1973-08-14 08:43:42', '2011-04-27 21:26:31'),
       (7, 3, 7,
        'Dolorem voluptas nostrum maxime natus quia eaque suscipit. Similique hic placeat veritatis. Itaque commodi et sed alias inventore illum minus.',
        'et', 126087599, '1561465760', '2008-02-08 19:54:39', '2002-02-06 06:02:50'),
       (8, 4, 8,
        'Quisquam ipsam omnis amet. Autem excepturi necessitatibus nesciunt. Nulla dolorem corporis quis est soluta enim debitis. Quod quasi ea voluptatem explicabo ad voluptate.',
        'fuga', 544845, '1449201424', '1985-12-24 18:56:28', '2014-07-20 15:00:18'),
       (9, 1, 9,
        'Ab autem nobis cumque nostrum at. Deserunt nostrum voluptatem aut nostrum ut ratione ad. Facere illo et porro.',
        'optio', 5, '109491802', '1995-01-14 00:04:14', '2008-04-19 20:25:04'),
       (10, 2, 10,
        'Quidem et aut quis a id suscipit aut. Ipsa quasi ratione enim doloremque saepe vel eos. Sed labore et et et officiis officiis. Rerum dolorum voluptas eius qui ex nam. Quae autem excepturi et doloremque.',
        'consequatur', 8, '1147062371', '1975-07-29 22:53:52', '1997-05-16 20:57:27'),
       (11, 3, 11,
        'Consequuntur veritatis omnis sint ut animi officiis amet. Temporibus in commodi earum sint consequatur.',
        'veniam', 3674455, '1483022198', '1972-06-30 07:53:28', '1989-01-13 09:41:49'),
       (12, 4, 12,
        'Nesciunt officiis consequuntur sit rem perferendis suscipit ut. Quos eligendi natus rerum eum harum. Nobis molestiae similique nam amet voluptatem.',
        'error', 6, '137961441', '1989-08-27 18:42:53', '2010-09-15 01:25:15'),
       (13, 1, 13,
        'Et ut asperiores veniam fugiat quo. Odio ratione quisquam eius similique voluptatibus magni. Ullam dolorum alias aspernatur nemo numquam. Excepturi inventore velit quasi amet dignissimos.',
        'sit', 0, '550679337', '1995-12-03 09:05:56', '2007-07-13 00:58:46'),
       (14, 2, 14,
        'Nobis omnis ratione laborum atque. Earum deleniti omnis sint impedit voluptas eos. Eos impedit facilis est laborum quibusdam tenetur eaque. Ipsa ut aliquam ut dignissimos voluptates.',
        'dolorem', 49318, '515377053', '1976-12-04 16:27:22', '1986-11-24 05:46:52'),
       (15, 3, 15,
        'Voluptatem optio corrupti vel. Dolores doloremque amet deleniti magnam veniam. Commodi iste et dolorem officiis commodi id at quod. Odio et dolorem alias vel omnis unde.',
        'velit', 248, '203270635', '1993-05-17 12:51:47', '2008-05-18 04:50:27'),
       (16, 4, 16,
        'Officia aperiam et voluptate minus expedita doloremque. Aut accusamus ipsam maiores deleniti aut repudiandae et. Ut sit magnam aspernatur quia ullam non iure cum.',
        'nihil', 24971482, '828631366', '1999-04-27 08:58:18', '2014-04-25 10:56:12'),
       (17, 1, 17,
        'Consectetur ullam voluptates aut illo repellendus. Sunt aut unde rerum repellendus sunt officiis. Dolore saepe labore officia accusantium.',
        'nisi', 4, '1415416964', '1997-01-24 09:03:59', '1999-11-16 06:59:43'),
       (18, 2, 18,
        'Sed eius reiciendis officia culpa repellendus. Et id cum aut. Laborum asperiores est eos amet omnis aspernatur ullam minima.',
        'velit', 7260, '363165567', '1985-09-03 06:56:56', '1976-01-31 12:48:59'),
       (19, 3, 19,
        'Cum quis ut sint placeat officiis. Et et numquam eos dignissimos. Explicabo consequatur aliquid illum itaque nesciunt eligendi impedit. Debitis unde et ut atque ut magnam iste quo. Omnis magni consequatur consectetur delectus praesentium deserunt.',
        'odio', 1, '624566037', '1979-02-03 03:33:59', '1971-11-30 10:55:38'),
       (20, 4, 20,
        'Voluptatem dolor eius praesentium et. Et quisquam cupiditate quibusdam exercitationem voluptate est. Eum facere aut eum natus cum est. Rerum explicabo rerum tempora.',
        'doloribus', 98458, '187982723', '1996-11-07 09:37:52', '2018-11-25 19:12:11'),
       (21, 1, 21,
        'Vel distinctio delectus tempore iusto. Laboriosam rem sit error excepturi molestiae quia et. Nemo harum libero voluptatum ipsam.',
        'rerum', 9666931, '868666659', '1991-06-03 09:54:04', '2000-11-17 12:28:54'),
       (22, 2, 22,
        'Consequatur aspernatur tenetur quis. Officiis fugiat repudiandae repellendus vel molestias veniam dolorem aut. Totam quos quo ea aperiam expedita numquam qui. Voluptatum ad commodi accusamus facere nobis eaque id dolorem.',
        'voluptates', 715, '1085521274', '1993-02-19 23:29:52', '2004-09-02 05:08:59'),
       (23, 3, 23,
        'Voluptatem est numquam amet maxime vel maiores laboriosam quo. Maxime in aut sit odit rem consequuntur. Dolorem accusamus expedita qui ratione maiores dolor.',
        'ab', 0, '1518538527', '1984-11-16 00:54:32', '1980-04-03 11:19:33'),
       (24, 4, 24, 'Dolore quia eius quaerat ea. Beatae incidunt aspernatur et voluptatibus.', 'culpa', 0, '348152738',
        '1991-08-01 05:56:01', '2016-03-24 14:15:46'),
       (25, 1, 25,
        'Illo non quas natus ipsum. Nulla repellat fuga qui nam tempora reprehenderit a. Rerum in aut non assumenda neque et exercitationem. Dolor veritatis doloremque consectetur tempore aspernatur officiis. Et omnis sint commodi.',
        'non', 2, '1180510568', '1981-07-09 16:55:32', '1972-01-31 02:26:44'),
       (26, 2, 26,
        'Quam eaque quibusdam et aut. Sapiente aut ad quia excepturi molestias accusantium voluptatum. Explicabo quis maxime voluptate ducimus autem. Et velit magni magnam. Tempora voluptate velit expedita in quos et dolorum neque.',
        'ad', 9, '1511995591', '2014-09-30 14:39:33', '1987-03-23 17:55:33'),
       (27, 3, 27,
        'Sed illum occaecati ut ex quis vel neque. Nemo et velit explicabo sit. Aut sed omnis quas. Et aperiam in cupiditate maxime beatae.',
        'labore', 72944135, '23019969', '1973-04-20 20:34:29', '2017-11-06 03:36:08'),
       (28, 4, 28,
        'Voluptatem amet rerum sit velit quae ea quae. Unde quia dolor rerum totam veniam iusto debitis id. Omnis et in doloribus ea labore.',
        'non', 0, '1129692496', '2009-11-18 23:40:21', '2016-02-05 10:55:26'),
       (29, 1, 29,
        'Omnis cum iste repellat tempore vel quia atque. Recusandae odio voluptatem rerum et. Quia ipsam est quasi sit delectus iusto. Vel magni ratione voluptatem dolor laborum aut.',
        'nobis', 68637042, '1215344328', '2004-06-10 06:59:50', '2014-01-30 04:43:49'),
       (30, 2, 30,
        'Mollitia consequatur laboriosam dolorem impedit id hic. Soluta eligendi aut inventore. Cum ut nihil eum odio deleniti enim voluptas. Et enim cum ipsa est minus ut eveniet. Deleniti dolores beatae inventore quo.',
        'ipsum', 594, '1434629494', '1982-11-11 23:43:34', '1996-01-16 08:39:13'),
       (31, 3, 31,
        'Rerum dicta reiciendis quo assumenda eos ut accusamus. Illo rem et praesentium debitis rerum. Iure unde in repellat architecto quo illo pariatur.',
        'esse', 8795340, '1433248721', '2010-01-13 09:14:45', '1992-11-24 19:01:57'),
       (32, 4, 32,
        'Adipisci nisi ut amet pariatur unde expedita repudiandae. Tempora facere qui vel. Et veniam iusto exercitationem facere. Et sint quasi nemo eveniet.',
        'enim', 848793, '147038330', '1981-09-29 19:47:24', '1995-06-17 08:29:11'),
       (33, 1, 33,
        'Tenetur quasi rerum id praesentium molestiae. Facere libero ad cupiditate accusamus cupiditate itaque doloribus. Enim sed dolore at repudiandae. Beatae nostrum earum dolore quas enim dignissimos officia. Harum laudantium quaerat qui iusto nisi quibusdam ut.',
        'doloremque', 3980, '585785054', '2005-10-22 09:05:58', '1975-02-13 06:12:39'),
       (34, 2, 34,
        'Non quo eum non est magni molestias sint. Aspernatur enim dolorum necessitatibus voluptate eum. Quos et eveniet voluptate voluptatem quam ducimus nobis pariatur. Consequatur est sint impedit qui. Est asperiores deserunt et ipsam.',
        'quisquam', 8, '1221336283', '1989-03-12 10:07:48', '1974-07-20 12:51:54'),
       (35, 3, 35,
        'Incidunt non expedita optio nihil. Porro autem maxime reiciendis voluptatem sed. Exercitationem consequuntur nesciunt sit. Voluptatem laborum laborum et voluptatibus.',
        'aut', 2725, '469932220', '1980-07-11 08:10:10', '2002-05-27 13:24:25'),
       (36, 4, 36,
        'Numquam aliquid et vel sequi quo rem enim. Odit nisi voluptates omnis quia voluptatem. Qui ullam excepturi maxime possimus quisquam architecto. Qui dolore delectus saepe error est iste est.',
        'amet', 6, '443603465', '1971-08-22 06:42:02', '1971-04-28 09:22:26'),
       (37, 1, 37,
        'Doloribus ratione non quos eligendi optio odio sint laboriosam. Sint deserunt quia repudiandae animi perferendis modi. Ipsa et omnis vel voluptas et animi. Sed eius ut et eum mollitia aut aut.',
        'adipisci', 7410, '23010329', '1984-03-22 21:55:34', '2020-02-25 20:03:44'),
       (38, 2, 38, 'Laboriosam enim et porro animi expedita. Et laborum voluptatibus dolores nobis eos nulla.', 'nulla',
        97, '882101166', '1998-12-24 07:13:04', '1997-04-28 15:50:47'),
       (39, 3, 39,
        'Laudantium eos nobis corporis quia. Eum quia animi ut quisquam sed ut. Necessitatibus animi corrupti natus et dolor voluptas. Voluptate perferendis voluptatem necessitatibus tenetur consectetur.',
        'eum', 482348, '1473062891', '1977-12-07 23:12:58', '2012-11-29 09:15:07'),
       (40, 4, 40,
        'Laudantium perferendis ratione ipsa quibusdam ut qui quis. Recusandae id qui magnam qui unde. Minima enim odio error et totam et. Dolor eaque sunt voluptas sunt consequuntur esse. Laborum totam officia magni et asperiores nihil.',
        'quam', 0, '1023919355', '2015-09-03 19:38:54', '2000-04-09 10:01:37'),
       (41, 1, 41,
        'Explicabo amet non dolores. Mollitia repudiandae aut provident suscipit sed. Impedit quis minima quo excepturi. Voluptas velit reprehenderit accusantium suscipit id.',
        'in', 936, '1385762353', '1990-02-22 11:41:08', '2003-08-16 13:24:50'),
       (42, 2, 42,
        'Est tempore sit cum et laudantium cumque neque ducimus. Repellendus non quis consequatur ab quae et. Voluptatibus porro quis nisi. Nulla nihil eum sequi impedit qui et adipisci.',
        'consequatur', 0, '1227674684', '1998-07-14 07:56:33', '1975-02-15 13:53:19'),
       (43, 3, 43,
        'Id nostrum quis temporibus impedit hic. Est nemo aut neque ipsum beatae. Eaque error quo quasi error corporis id. Velit iure ut soluta nisi aut.',
        'pariatur', 499933451, '22908784', '2020-08-09 20:29:48', '1978-10-27 10:51:06'),
       (44, 4, 44,
        'Nostrum sit deserunt nihil ex voluptas nostrum soluta nostrum. Est iste nobis hic placeat et ex beatae. Consectetur et et velit. Sunt quod consequatur error.',
        'cum', 385417922, '312854766', '1985-10-15 06:14:40', '2002-09-29 12:05:55'),
       (45, 1, 45,
        'Tempora iure laborum expedita eum. Et accusantium incidunt est repudiandae hic. Eos blanditiis ipsa placeat accusamus explicabo quod. Quia iste sit unde illo blanditiis sapiente est autem.',
        'maiores', 58724, '977352964', '2000-04-08 01:13:05', '2016-05-24 05:37:42'),
       (46, 2, 46,
        'Sunt vel quidem animi omnis aut omnis excepturi. Quia ut adipisci consequatur. Sapiente eaque consequatur nobis velit ad perferendis.',
        'aspernatur', 4906, '1014750629', '1990-03-02 15:56:06', '2010-12-25 13:30:07'),
       (47, 3, 47,
        'Ea voluptas maiores in quidem sit natus. Sapiente quod omnis error reprehenderit omnis ea et. Nam corrupti pariatur nulla quo est sunt numquam.',
        'ut', 133173, '1298767501', '1975-08-18 10:18:05', '2010-05-13 14:43:44'),
       (48, 4, 48,
        'Perspiciatis earum est beatae unde aut qui eum consectetur. Ratione non aut molestias consequatur consectetur temporibus nihil. Facere ex eum corrupti dolorem est quo. Suscipit qui tempore vero amet et et.',
        'est', 0, '1299494634', '1991-09-18 16:21:11', '2007-05-12 13:00:08'),
       (49, 1, 49,
        'Quis quia ullam voluptatum aliquam ex. Voluptas est nam qui. Placeat vitae eligendi dolor reprehenderit dolorem laudantium voluptate ut.',
        'mollitia', 35130750, '769116923', '1974-01-06 02:12:47', '1997-01-01 06:56:00'),
       (50, 2, 50,
        'Quidem qui et incidunt quo odit eligendi. Laudantium quisquam magni reprehenderit recusandae doloribus nisi fugiat commodi. Est voluptatem delectus nam ut. Ipsum quasi enim illum minima ea. Est fugiat enim est recusandae.',
        'ut', 39935, '200282553', '2019-06-09 15:22:09', '1980-12-17 18:37:19'),
       (51, 3, 51,
        'Ut sint facilis fugit consequuntur et maxime sit ut. Officia officia vitae repellendus. Deserunt quis deserunt eveniet dolor quas molestiae. Enim est delectus iusto in nam.',
        'magnam', 6818141, '1318123001', '1986-12-04 22:45:20', '1978-07-11 02:24:46'),
       (52, 4, 52,
        'Consequatur id ut vitae laboriosam similique. Soluta quis iure quos optio similique qui eum. Cum sed nostrum fugiat. Voluptatem nisi aperiam laudantium fuga sed mollitia aut nesciunt.',
        'molestias', 12, '210074524', '1980-11-17 01:49:15', '1974-02-27 21:30:35'),
       (53, 1, 53,
        'Est perspiciatis quae accusantium et quibusdam. Est dolore dolores corrupti autem dolores. Sed eveniet laboriosam odio excepturi et vel magni. Ut necessitatibus iure totam quia animi.',
        'molestias', 48691666, '122066095', '1970-06-14 09:57:56', '2011-03-16 21:18:09'),
       (54, 2, 54,
        'Sit aut earum esse at. Consequatur eligendi consequatur eos et fugit aut. Quia nesciunt quia eius ratione sed quia sed. Quaerat commodi sint et odio et hic. Voluptatibus et consequatur aperiam sit.',
        'voluptatem', 26267, '531517410', '1985-04-06 22:30:03', '1999-12-26 19:51:48'),
       (55, 3, 55,
        'Illum similique quo qui nulla. Laboriosam omnis et ut possimus. Explicabo fuga laboriosam qui quae explicabo a. Delectus repellat voluptate dignissimos accusantium.',
        'nesciunt', 5, '513108735', '1987-10-18 00:37:58', '2008-02-24 07:18:31'),
       (56, 4, 56,
        'Quos provident eos esse vero in sunt. Doloremque est voluptatem maxime et voluptates tempora voluptas. Repellendus voluptatem qui quo et odit eos laboriosam. Soluta nobis eum in nesciunt repudiandae debitis.',
        'vitae', 361713, '1328893544', '2015-07-15 18:09:20', '1977-03-10 09:47:51'),
       (57, 1, 57,
        'Et deserunt ut maxime eveniet ea. Reprehenderit animi architecto harum quae. Facilis soluta porro porro repellat consequatur sit vero. Inventore aliquid ut inventore sed.',
        'voluptate', 9, '785894249', '1988-03-21 17:45:38', '2002-09-03 12:51:16'),
       (58, 2, 58,
        'Doloremque maxime quo officiis qui. Nihil assumenda enim eligendi et maiores eum et. Aut quis vitae unde. Autem ut sed illo doloribus ducimus et.',
        'voluptatibus', 1713, '979326228', '1988-07-12 16:01:41', '2020-09-12 12:43:53'),
       (59, 3, 59,
        'Labore esse ut ea doloremque voluptas et debitis. Similique nobis repellat dolores nihil. Dolores sed officia eos possimus qui exercitationem. Labore recusandae cupiditate dolor repellat harum. Laboriosam vero sed aspernatur impedit sit perspiciatis.',
        'necessitatibus', 6884674, '1187019035', '1991-12-24 02:12:00', '2013-03-21 23:03:36'),
       (60, 4, 60,
        'Saepe molestiae non doloribus recusandae voluptates amet aut aut. Porro aut quia odio. Fuga dolorem quia nemo quisquam voluptatem autem tempora non. Quidem expedita quia nemo velit vel minima.',
        'quia', 848152333, '822605753', '1975-05-18 03:43:46', '2021-10-14 13:24:21'),
       (61, 1, 61,
        'Amet ipsa et quidem. Consectetur libero sit sit cum aut et et. Saepe omnis quo laboriosam commodi tempora.',
        'laborum', 66556, '1604898993', '2016-06-07 09:39:56', '2016-10-08 14:40:16'),
       (62, 2, 62,
        'Distinctio exercitationem soluta ut. Ab dignissimos ducimus ut quas deleniti est. Eligendi maiores ullam et nobis sequi.',
        'fugit', 41, '879017360', '1998-07-04 14:43:55', '1998-02-27 12:41:58'),
       (63, 3, 63,
        'Sint nam cupiditate dicta id aut velit autem. Consequuntur quibusdam sunt sed sit provident. Consequatur error molestias id et. Modi ipsum voluptates laudantium repellendus.',
        'veniam', 30563, '398272652', '1990-09-15 20:02:28', '1974-02-14 05:30:44'),
       (64, 4, 64,
        'Placeat eveniet vitae commodi qui maiores est. Nam excepturi adipisci tempore quia tempora hic. Illum eaque velit mollitia facere iusto eum ut.',
        'iure', 475303, '1344511563', '1978-08-12 08:19:47', '1995-10-03 12:35:38'),
       (65, 1, 65, 'Ut aut ratione omnis aut voluptatem. In dolor dignissimos deserunt amet velit.', 'molestiae', 0,
        '683071486', '1971-07-30 00:15:14', '2014-06-19 11:00:48'),
       (66, 2, 66,
        'Consequatur voluptate quasi officiis molestiae atque voluptatem. Rerum atque dignissimos dolor quam qui dolore labore. Quam maxime qui quae. Rerum voluptates aut pariatur et nostrum assumenda velit.',
        'adipisci', 516, '220899186', '2010-07-31 10:36:31', '2020-09-10 15:44:24'),
       (67, 3, 67,
        'Laboriosam tempore optio voluptatem et at et veniam. Quis delectus aut quo distinctio. Ab nemo eius temporibus aut et.',
        'voluptas', 15, '1266402000', '2004-10-27 08:57:09', '2000-12-06 14:08:38'),
       (68, 4, 68,
        'Quas nihil sit ipsam voluptatum et. Nobis praesentium iure dolorem quasi vero harum. Nisi minima molestiae ut eum eius. Quisquam distinctio quis mollitia in et ut corrupti.',
        'eum', 39724553, '1625485478', '1981-05-19 13:34:11', '1997-01-11 14:27:11'),
       (69, 1, 69,
        'Qui ea aut et voluptas iure. Id sunt qui facere porro ad. Eos ex laudantium qui unde iure recusandae est.',
        'error', 6, '637335462', '1978-08-19 13:26:56', '1982-05-09 15:23:34'),
       (70, 2, 70,
        'Sapiente qui adipisci hic architecto necessitatibus eligendi minima. Ipsa quo expedita consequatur quas consequatur quidem quam.',
        'iste', 3015684, '865222712', '1972-02-06 11:06:25', '1997-09-24 10:30:32'),
       (71, 3, 71,
        'Iusto natus cupiditate sed recusandae. Non quasi rem voluptas mollitia omnis eos. Corporis dignissimos facilis vitae voluptatem aut. Qui nemo dicta voluptatem voluptatem aut architecto voluptatum.',
        'quia', 92797772, '1499506841', '2005-11-07 19:52:01', '1976-11-30 21:37:43'),
       (72, 4, 72,
        'Sunt dolores veniam et perspiciatis est rerum. Excepturi consequuntur hic omnis occaecati nemo. Voluptate quo ratione aut nihil temporibus veniam.',
        'quos', 86082, '140055970', '1994-09-29 19:18:05', '1991-05-20 01:39:13'),
       (73, 1, 73, 'Voluptate similique nihil quos omnis nostrum. Consequatur sunt quis eos enim et.', 'repellendus',
        819621, '1431843937', '2016-07-06 21:02:19', '2020-09-03 15:16:05'),
       (74, 2, 74,
        'Dolores accusamus qui eveniet aperiam autem. Asperiores tempore et accusamus ea. Cupiditate illo earum est.',
        'iusto', 6656, '546012004', '1996-12-16 07:18:14', '2011-02-18 18:34:49'),
       (75, 3, 75,
        'Officia ipsam nemo qui vitae dolores ducimus et et. Voluptas itaque dicta blanditiis magnam. Aliquam recusandae alias consequatur et repellendus omnis. Deserunt aperiam autem aut magnam modi labore.',
        'dolor', 73936202, '599170303', '1988-03-14 01:42:34', '2016-03-06 12:21:24'),
       (76, 4, 76,
        'Est deserunt aspernatur repellat dolorem recusandae sapiente. Nemo error eligendi minus blanditiis eum provident sit est. Nihil eaque aut ea minus omnis iste fuga. Quis minima non reiciendis unde est.',
        'laboriosam', 4941, '419659293', '2022-01-28 05:08:55', '1978-05-17 13:39:48'),
       (77, 1, 77,
        'Inventore perspiciatis ducimus nihil tenetur deleniti. Dolorem unde possimus quasi mollitia. Eum incidunt molestias magni aut ea omnis omnis. Itaque iusto ratione non assumenda accusantium.',
        'ea', 13576589, '358719926', '1981-07-22 08:31:54', '1976-07-29 08:24:57'),
       (78, 2, 78,
        'Non et voluptatum aut voluptas et. Distinctio quos reprehenderit est et dolorem. Eos repudiandae laboriosam omnis voluptate vel quibusdam assumenda quisquam. Incidunt qui dignissimos hic quas et vitae. Voluptatibus qui fugiat fugiat nisi expedita impedit sit.',
        'neque', 86773, '707988599', '1973-03-14 00:44:38', '1995-01-19 04:20:54'),
       (79, 3, 79,
        'Tenetur rerum praesentium quia quo minima enim quia sit. Vitae exercitationem illum quidem. Sunt possimus reiciendis deleniti consequatur minima voluptatem fuga dolor.',
        'voluptas', 2, '88020564', '2011-01-05 08:29:08', '2007-08-05 07:05:22'),
       (80, 4, 80,
        'Ab sint sit tenetur suscipit quisquam qui qui magnam. Similique veritatis repellendus qui officiis. Labore vitae aut ipsum in.',
        'quis', 422219814, '1104313591', '1984-01-14 16:30:29', '1998-08-09 11:00:18'),
       (81, 1, 81,
        'Molestias asperiores atque facilis fugit et quia deleniti similique. Occaecati inventore et minus ratione blanditiis alias rerum. Odio qui quam nulla nemo.',
        'minima', 3309478, '932727634', '2000-01-12 03:27:53', '2009-04-07 05:19:01'),
       (82, 2, 82,
        'Pariatur voluptatem voluptatum eos ut. Esse voluptas omnis quia quo minima fugit odio. Provident sunt iste reprehenderit praesentium voluptatem facere.',
        'assumenda', 37, '1150775215', '1983-02-09 12:26:44', '2007-05-02 10:01:09'),
       (83, 3, 83,
        'Tempora beatae sed mollitia laborum nam dolor consequatur. Doloribus fuga neque fugit praesentium libero expedita. Iste et vitae est consequatur et. Et quibusdam quo sunt ut.',
        'aut', 59115850, '1380123544', '2006-10-06 12:52:29', '1997-11-19 00:38:24'),
       (84, 4, 84,
        'Atque maiores et facilis est rem impedit iusto. Ea consequuntur necessitatibus adipisci itaque qui aut. Explicabo cupiditate occaecati cupiditate necessitatibus voluptas.',
        'ullam', 48476, '908980785', '2019-04-20 17:15:04', '1981-08-09 18:24:02'),
       (85, 1, 85,
        'Est fugit consequuntur excepturi. Sed perferendis ea sit repudiandae quia. Autem ut qui dignissimos eos inventore et magnam sunt.',
        'libero', 21854, '143669889', '1974-06-10 14:22:07', '1983-04-18 09:48:31'),
       (86, 2, 86,
        'Et veniam sunt tenetur eum natus. Adipisci architecto pariatur molestiae optio eius. Dolor iste enim nisi voluptatem ut enim.',
        'deleniti', 1, '1299423526', '1991-04-29 03:03:34', '2014-04-24 23:46:48'),
       (87, 3, 87,
        'Ipsum est quia error omnis. Et similique earum voluptatem rerum occaecati quia consequuntur. Omnis quis occaecati molestias blanditiis aliquam aut non ab. Commodi quos enim aut qui non rerum a.',
        'tempora', 0, '734767460', '1987-02-18 22:57:34', '1997-05-31 23:45:39'),
       (88, 4, 88,
        'Cum sit eligendi repudiandae ut amet. Sequi odit est et nihil. Perferendis odio dignissimos ipsum quae et consequatur minima. Cumque nisi ex fuga.',
        'et', 0, '125944485', '2013-12-12 23:45:25', '2014-10-13 00:46:18'),
       (89, 1, 89,
        'Mollitia sed laborum sed quia. Sit vel dolorem ut inventore. Ex sit aut corporis sint rerum facere. Pariatur rerum ea sunt ut consequatur.',
        'nisi', 75, '1004798026', '1978-01-23 03:44:53', '2007-05-25 16:37:42'),
       (90, 2, 90,
        'Et rerum pariatur quaerat laborum voluptates vitae autem. Ea possimus aut natus alias. Sed vitae incidunt natus maxime aut id explicabo.',
        'ullam', 61, '1492319367', '1995-08-10 23:06:06', '1977-11-23 01:00:11'),
       (91, 3, 91,
        'Quia voluptas consectetur sunt odit beatae animi sit. Voluptatem fugit natus inventore sed. Veniam aperiam rem dolorem in molestiae.',
        'ad', 1323, '855631784', '2011-07-17 14:23:33', '2003-03-08 07:15:34'),
       (92, 4, 92,
        'Quia facere dolorem accusamus aperiam et. Ut eum quis facere quo nam sed. Adipisci eius quis et. Voluptas recusandae est alias iusto dolores et quia.',
        'et', 85, '1268048852', '1977-12-19 23:06:24', '1982-12-10 22:58:06'),
       (93, 1, 93,
        'Possimus animi quis ducimus necessitatibus alias saepe perferendis aliquam. Asperiores reiciendis praesentium nam magnam doloremque est est. Dolores ut aut enim quisquam minus dolorem doloremque. Modi ut ea excepturi qui eveniet modi molestias.',
        'et', 72384, '669827603', '1972-09-22 13:09:17', '1980-03-29 18:09:41'),
       (94, 2, 94,
        'Nemo sed exercitationem enim. Adipisci ut magni provident voluptatem. Autem ipsa et maxime natus corporis aspernatur.',
        'est', 847520263, '235929538', '1978-10-16 11:22:33', '2014-09-11 06:01:36'),
       (95, 3, 95,
        'Culpa odio deleniti repudiandae rerum. Laboriosam voluptas vel odit incidunt est qui id numquam. Eligendi sed omnis ullam consequatur qui sint magni.',
        'fugiat', 42293954, '444996015', '1971-11-17 05:56:48', '1997-08-29 10:53:16'),
       (96, 4, 96,
        'Non id quam libero et doloremque harum. Illum deleniti est sit saepe rerum. Qui voluptatem facilis rerum illo et.',
        'architecto', 432994760, '561391193', '1989-05-01 21:02:45', '1999-01-28 19:15:54'),
       (97, 1, 97,
        'Facere quibusdam itaque eveniet. Esse deleniti in ipsam. Natus totam officiis sit incidunt. Molestias qui recusandae et dolores. Dolorem sed libero nam molestiae earum est dolore.',
        'quod', 91, '264569394', '2015-11-26 04:03:19', '2009-09-16 13:47:58'),
       (98, 2, 98,
        'Voluptas non nam omnis occaecati eveniet a id. Dicta laboriosam vel omnis. Ipsam deleniti qui est nam esse et neque. Impedit sit laborum at ullam consequatur. Deserunt omnis nemo fugit consequatur voluptas.',
        'asperiores', 1886445, '899101274', '2015-08-14 03:23:11', '2007-01-15 15:46:58'),
       (99, 3, 99,
        'Nihil quasi laboriosam possimus nulla in. Optio dolor aliquam dolores praesentium omnis nulla. Rerum ipsa sint reiciendis id.',
        'qui', 655195689, '1359084878', '2000-05-18 17:17:29', '1988-08-29 17:26:14'),
       (100, 4, 100,
        'Qui nihil voluptatum aperiam. Ipsa porro fugiat commodi in totam et quaerat et. Aut deserunt ipsa officia iste ipsa in. Tempore dolorum sapiente architecto ex autem.',
        'temporibus', 55006591, '1273800056', '2005-05-14 22:21:15', '1977-07-29 06:13:09');
/*!40000 ALTER TABLE `media`
    ENABLE KEYS */;
UNLOCK TABLES;

--
-- Table structure for table `media_types`
--

DROP TABLE IF EXISTS `media_types`;
/*!40101 SET @saved_cs_client = @@character_set_client */;
/*!40101 SET character_set_client = utf8 */;
CREATE TABLE `media_types`
(
    `id`         bigint(20) unsigned NOT NULL AUTO_INCREMENT,
    `name`       varchar(255) COLLATE utf8mb4_unicode_ci DEFAULT NULL,
    `created_at` datetime                                DEFAULT current_timestamp(),
    `updated_at` datetime                                DEFAULT current_timestamp() ON UPDATE current_timestamp(),
    PRIMARY KEY (`id`)
) ENGINE = InnoDB
  AUTO_INCREMENT = 5
  DEFAULT CHARSET = utf8mb4
  COLLATE = utf8mb4_unicode_ci;
/*!40101 SET character_set_client = @saved_cs_client */;

--
-- Dumping data for table `media_types`
--

LOCK TABLES `media_types` WRITE;
/*!40000 ALTER TABLE `media_types`
    DISABLE KEYS */;
INSERT INTO `media_types`
VALUES (1, 'architecto', '1988-05-01 13:50:20', '1983-04-07 05:04:18'),
       (2, 'id', '1971-06-10 06:11:35', '2007-07-19 05:45:04'),
       (3, 'aut', '1981-11-14 05:29:04', '1973-03-19 23:56:45'),
       (4, 'reprehenderit', '2018-01-11 05:51:14', '1989-08-07 11:35:29');
/*!40000 ALTER TABLE `media_types`
    ENABLE KEYS */;
UNLOCK TABLES;

--
-- Table structure for table `messages`
--

DROP TABLE IF EXISTS `messages`;
/*!40101 SET @saved_cs_client = @@character_set_client */;
/*!40101 SET character_set_client = utf8 */;
CREATE TABLE `messages`
(
    `id`           bigint(20) unsigned NOT NULL AUTO_INCREMENT,
    `from_user_id` bigint(20) unsigned NOT NULL,
    `to_user_id`   bigint(20) unsigned NOT NULL,
    `body`         text COLLATE utf8mb4_unicode_ci DEFAULT NULL,
    `created_at`   datetime                        DEFAULT current_timestamp(),
    PRIMARY KEY (`id`),
    KEY `from_user_id` (`from_user_id`),
    KEY `to_user_id` (`to_user_id`),
    CONSTRAINT `messages_ibfk_1` FOREIGN KEY (`from_user_id`) REFERENCES `users` (`id`) ON DELETE CASCADE ON UPDATE CASCADE,
    CONSTRAINT `messages_ibfk_2` FOREIGN KEY (`to_user_id`) REFERENCES `users` (`id`) ON DELETE CASCADE ON UPDATE CASCADE
) ENGINE = InnoDB
  AUTO_INCREMENT = 101
  DEFAULT CHARSET = utf8mb4
  COLLATE = utf8mb4_unicode_ci;
/*!40101 SET character_set_client = @saved_cs_client */;

--
-- Dumping data for table `messages`
--

LOCK TABLES `messages` WRITE;
/*!40000 ALTER TABLE `messages`
    DISABLE KEYS */;
INSERT INTO `messages`
VALUES (1, 1, 1,
        'Perferendis iusto similique nesciunt aut. Aut excepturi quibusdam sint atque ut molestiae molestiae. Quia ullam quaerat ullam nihil. Ea quaerat assumenda perferendis ad doloribus cupiditate non.',
        '1983-09-01 12:21:03'),
       (2, 2, 2,
        'Quia aliquam aperiam exercitationem numquam impedit ipsa quidem maiores. Sit aut est fugiat debitis sunt. Molestias quia omnis dignissimos culpa aut sunt ut pariatur.',
        '2005-09-27 18:17:22'),
       (3, 3, 3,
        'Modi sit cum natus autem. Minus ipsam autem tempora numquam. Id laboriosam delectus officiis nihil omnis et.',
        '1986-03-09 06:09:37'),
       (4, 4, 4,
        'Similique dolorum autem at. Corrupti sint dolore id perferendis fugit. Dolor nam molestias aspernatur. Sint magnam eum alias. Quas repellat sapiente in itaque.',
        '2007-08-18 20:12:14'),
       (5, 5, 5,
        'Quo necessitatibus porro nisi dignissimos aut alias. Blanditiis praesentium magni esse perferendis labore et. Vitae dolorem vero atque. Earum ab voluptas sed quis non.',
        '2009-02-12 17:25:08'),
       (6, 6, 6,
        'Nam maxime reprehenderit voluptatem et tempore molestiae molestiae. Est quo fuga enim earum explicabo ad qui. Alias dolores deleniti sit cum. Dolores ut exercitationem quasi a magni tenetur asperiores.',
        '1991-05-24 10:59:08'),
       (7, 7, 7,
        'Enim mollitia assumenda voluptas voluptatibus vel. In porro consequatur earum consequatur ea ipsam voluptas sequi. Repellat laudantium nesciunt voluptates consequatur voluptate. Ipsam voluptatem totam quas facilis illo tempora.',
        '2002-02-25 21:58:38'),
       (8, 8, 8,
        'Dolore qui incidunt hic vitae hic sint et. Laudantium sed cumque temporibus totam quaerat. Suscipit sed sed sed nostrum debitis.',
        '1980-09-09 13:05:09'),
       (9, 9, 9,
        'Magni atque qui ratione ut esse eos expedita aliquam. Ab et voluptate quia est repudiandae occaecati. Quia earum autem quod. Odio quis minima voluptatum dolorum.',
        '2012-06-17 03:32:15'),
       (10, 10, 10,
        'Architecto a dolor placeat sit in pariatur atque. Iure non inventore debitis dolor voluptatem perferendis fuga. Assumenda ut officiis est nihil cumque. Perspiciatis reprehenderit provident reprehenderit velit magnam odit.',
        '2016-08-19 20:43:48'),
       (11, 11, 11, 'Est molestiae et et et voluptatem saepe rerum. Qui eos ut totam repudiandae sint esse aliquam.',
        '2002-03-28 17:22:20'),
       (12, 12, 12,
        'Laborum ad aut aut. Aut magnam delectus exercitationem labore laborum. Ea reprehenderit numquam quo saepe et eius non.',
        '1991-02-08 13:36:42'),
       (13, 13, 13, 'Alias aspernatur nesciunt aperiam minima est. In qui dolorum et debitis cupiditate dolores.',
        '1976-03-14 12:46:26'),
       (14, 14, 14,
        'Alias nulla est quis aut atque doloremque asperiores accusamus. Quia quo cum quis doloribus. Nisi dolore tempore harum minima ullam laboriosam.',
        '2016-01-02 14:18:40'),
       (15, 15, 15,
        'Et vitae beatae quidem laborum accusamus exercitationem repellat accusantium. Expedita iusto aliquam omnis occaecati temporibus qui. Ut in autem nihil occaecati perferendis tenetur ad laboriosam.',
        '1984-06-11 23:22:11'),
       (16, 16, 16,
        'Dolor eaque harum magnam accusantium veritatis illo voluptate. Iusto ut voluptate nisi repellat. Alias rem id sunt doloribus voluptatem. A voluptas possimus aperiam sapiente.',
        '1989-06-05 11:10:13'),
       (17, 17, 17,
        'Consequuntur eum magni qui aut in in est dolore. Quis officiis dolorem suscipit. Doloribus neque officia enim ad cupiditate. Recusandae deleniti sed magnam velit odio dolor ut veniam.',
        '1975-08-05 02:47:49'),
       (18, 18, 18,
        'Qui veritatis aperiam perferendis eum. Aliquam ea excepturi quisquam eos consequatur numquam. Aut officiis sunt id quo quaerat voluptas.',
        '2016-03-19 10:56:51'),
       (19, 19, 19,
        'Autem ipsum in laboriosam culpa ut delectus similique. Nihil laudantium omnis possimus ullam et. Repellat nostrum non expedita fuga.',
        '1977-10-16 23:28:51'),
       (20, 20, 20,
        'Vel est vel et sed quam quia. Autem tempore quo culpa est. Eveniet saepe quia ipsum. Quo pariatur libero illo doloribus saepe aut voluptas.',
        '1971-09-15 12:42:49'),
       (21, 21, 21,
        'Dolores eos impedit qui consequatur qui. Omnis voluptatem culpa et qui eligendi qui blanditiis. Dignissimos corporis blanditiis qui consequatur. Voluptatibus praesentium aut saepe autem nihil sit et.',
        '1971-10-23 12:04:09'),
       (22, 22, 22,
        'Optio quasi quisquam eligendi numquam molestiae iure dolor perferendis. Et et delectus explicabo quia et ut. Ea eaque explicabo rerum quam accusamus cumque id. Et alias labore dolorem laboriosam sint consequatur deleniti sit.',
        '1973-11-28 16:50:32'),
       (23, 23, 23,
        'Minus ipsum tempora voluptas sit. Est quia alias qui est. Debitis et quia beatae dolorem ipsam voluptas. Ea totam soluta corrupti quod.',
        '2021-12-29 00:15:34'),
       (24, 24, 24,
        'Et iure quia neque cupiditate omnis. Ut corporis possimus adipisci et rerum fugit. Tempore quis dicta magni est et esse tempore. Doloremque est beatae iusto molestias.',
        '1977-12-16 14:04:01'),
       (25, 25, 25,
        'Maiores velit tempore dolorem error qui. In perspiciatis dicta praesentium eius quidem. Veritatis id magnam vitae laborum saepe error.',
        '2010-03-30 13:04:36'),
       (26, 26, 26,
        'Dicta deserunt hic dolorum iste dolorem aut qui. Assumenda perspiciatis est voluptatem est. Assumenda excepturi quod laudantium quo dolor quis ipsum facere.',
        '2000-07-03 16:58:44'),
       (27, 27, 27,
        'Occaecati qui ullam dolorem aliquam at eius excepturi. Rem aut delectus nostrum eum veritatis. Vitae soluta perferendis amet quisquam vel.',
        '1994-05-05 00:39:34'),
       (28, 28, 28,
        'Magni quia blanditiis et velit. Voluptatem velit quasi nostrum qui voluptas. Enim esse voluptatem vero voluptatem expedita. Voluptatibus enim voluptatum qui autem ut dolores impedit aut. Culpa itaque voluptate expedita ab.',
        '1974-12-19 03:55:41'),
       (29, 29, 29,
        'Et vel ut tempora quo occaecati voluptatem. Nihil suscipit ut labore reiciendis debitis. Accusantium a deserunt non.',
        '1974-09-11 02:32:59'),
       (30, 30, 30,
        'Fuga aperiam quaerat dolorum et. Deserunt ad aut omnis voluptas eum. Quos soluta qui tempora quos hic dolor ut. Dolores sint consequatur inventore a.',
        '2021-01-13 21:19:16'),
       (31, 31, 31,
        'Officiis ut perferendis quis atque voluptas. Cupiditate rerum earum ad. Quo fugit aspernatur nam sit. Molestias adipisci et enim.',
        '2002-07-11 13:25:25'),
       (32, 32, 32,
        'Illo provident aut consectetur. Culpa nulla sed nesciunt. Possimus voluptas est non nobis. Aut voluptas eum unde quo.',
        '1978-07-04 04:49:05'),
       (33, 33, 33,
        'Sed ab consectetur fuga exercitationem nihil voluptatem. Quas repellendus autem ipsa sint corrupti quisquam voluptatibus ut. Provident provident itaque eum voluptatem pariatur. Ea minus quos qui nemo nostrum quasi.',
        '2020-05-22 14:09:15'),
       (34, 34, 34,
        'Eos ut blanditiis nemo velit eos magnam. Occaecati repellat amet soluta rerum suscipit nihil in. Quae sunt dolor quis ut qui porro.',
        '1983-10-16 03:36:04'),
       (35, 35, 35, 'Ullam non minima magni enim illo voluptatem rerum. Officia consequatur distinctio aut atque.',
        '1989-06-10 10:33:50'),
       (36, 36, 36,
        'Neque debitis ut similique non delectus labore sint sed. Iste provident nostrum est repudiandae ut quibusdam eaque. Et incidunt quo aperiam ut facilis corrupti et. Accusamus aperiam voluptas odio vitae alias dolorem animi.',
        '2000-08-07 10:32:44'),
       (37, 37, 37,
        'Ea iure qui praesentium dolores sit dolores. Vero nobis dicta at molestias. Est modi dolore ex architecto reprehenderit eum qui. Porro rerum omnis quia molestiae qui delectus rerum.',
        '1995-06-06 14:03:36'),
       (38, 38, 38, 'Voluptatem et facilis hic sunt et. Sed dolor quia et et rem. Itaque et corrupti sunt impedit.',
        '1991-07-14 11:46:07'),
       (39, 39, 39,
        'Ut molestiae quas praesentium praesentium in corrupti autem. Non et quasi commodi reiciendis est. Temporibus laborum veniam aut ut fuga error dolorum velit.',
        '2012-10-21 19:25:25'),
       (40, 40, 40,
        'Voluptas sed qui doloribus quibusdam numquam magni. Odit molestiae quidem quidem magnam commodi nam. Officiis autem assumenda quia rerum ut et recusandae cumque. Asperiores veniam quia ullam itaque similique ad.',
        '2004-12-22 07:44:34'),
       (41, 41, 41,
        'Reprehenderit inventore eos doloribus alias accusamus molestiae. Assumenda vel sed voluptas. Commodi iste aperiam enim laudantium quae. Quaerat facere non quidem tempora velit.',
        '1974-06-17 10:52:42'),
       (42, 42, 42,
        'Asperiores ut doloribus aut numquam eum. Necessitatibus vitae officia quaerat earum optio. Magnam eum suscipit sed tempora officiis architecto. Sit modi dolor ipsum non officiis totam ut.',
        '2006-12-14 20:24:39'),
       (43, 43, 43,
        'Laborum nulla dolores quae omnis quo. Ullam rem blanditiis voluptatibus vero delectus qui. Saepe dolores asperiores et. Molestiae harum laudantium voluptatum ea.',
        '1985-03-10 23:07:01'),
       (44, 44, 44,
        'Amet reiciendis laborum voluptatibus vero dolores nemo aut. Enim voluptatibus quis omnis. Non atque dignissimos ducimus consequuntur. Esse et qui non ut hic rerum nemo.',
        '2020-04-26 23:28:58'),
       (45, 45, 45,
        'Eveniet voluptas ipsum quidem vero. Similique iste accusantium unde cum consequatur qui. Nobis architecto non non dolorem velit.',
        '1973-09-03 17:49:04'),
       (46, 46, 46,
        'Ea nam veniam cumque quia id ipsum. Natus libero tempora laudantium. Eum architecto odio doloribus quia recusandae.',
        '1984-07-29 23:18:53'),
       (47, 47, 47,
        'Et quidem aliquid alias error id. In odio consequatur est unde dolorum qui adipisci. Reiciendis nam sed eum praesentium iusto ab amet.',
        '1980-04-05 12:29:35'),
       (48, 48, 48,
        'Non ea et necessitatibus eum sit exercitationem. Qui dolorem magnam sunt et. Dolores expedita at rem quis expedita et et similique.',
        '1977-12-21 11:33:05'),
       (49, 49, 49,
        'Labore et sit sed accusamus sit et aut. Veritatis aspernatur officiis officia nesciunt est voluptates. Eveniet repellendus tempora impedit provident doloribus corrupti.',
        '1990-05-23 19:56:52'),
       (50, 50, 50,
        'Laboriosam perspiciatis non quos ad sit tempora et. Id laborum quia possimus aut et totam est. Magnam et expedita inventore totam animi hic. Vero accusantium voluptatem quis quia sit dolor.',
        '1999-06-07 20:05:33'),
       (51, 51, 51,
        'Est possimus molestiae porro incidunt. Perspiciatis explicabo sit aut recusandae reiciendis et repudiandae. Et fugiat fugit maiores laborum libero dolorem sint. Tempora fuga dolorem quo molestiae ut suscipit.',
        '2008-08-07 17:51:53'),
       (52, 52, 52,
        'Enim consectetur sed et et asperiores sed. Commodi molestiae et quis neque. Sint neque quia ut provident explicabo voluptatum.',
        '1991-06-27 00:32:48'),
       (53, 53, 53,
        'Quas aperiam cumque dolorem quas et tempore ut. Enim perspiciatis exercitationem aperiam ducimus. Omnis quia voluptatem eveniet voluptatem expedita quaerat et fugit. Adipisci sit aspernatur est quasi totam eos.',
        '1991-11-18 08:08:34'),
       (54, 54, 54,
        'Maiores consequatur maiores voluptas doloremque. Illum ullam id nam. Et culpa tenetur sit adipisci quia voluptas.',
        '1983-09-26 07:33:26'),
       (55, 55, 55,
        'Nemo eius debitis sed exercitationem omnis. Dolores aliquam voluptatem error dignissimos. Omnis quidem occaecati ducimus aut provident.',
        '1981-02-13 14:04:41'),
       (56, 56, 56,
        'Quia nihil architecto exercitationem. Explicabo mollitia aliquid soluta temporibus odit rerum. Molestiae atque ipsam corporis. Accusamus rerum non ad vero vero voluptas quo.',
        '2006-04-30 15:08:31'),
       (57, 57, 57,
        'Quae qui accusamus mollitia dolor maxime rerum rem eius. Quia molestias maiores est dolores. Dolorum quibusdam unde omnis est illum. Ducimus aut et molestias tenetur nulla expedita mollitia.',
        '1983-06-14 09:24:50'),
       (58, 58, 58,
        'Dolore et minima aliquid cupiditate non voluptas. Non repellat ducimus ullam nihil aut et qui dolorum. Maxime eum et laborum doloribus recusandae rem. Incidunt quibusdam autem pariatur accusamus maiores quaerat.',
        '2019-12-23 11:17:37'),
       (59, 59, 59,
        'Non sint enim ea id ullam odit. Quidem natus adipisci sed autem esse. Nostrum dolorem pariatur asperiores.',
        '1975-09-22 06:06:39'),
       (60, 60, 60,
        'Dolorum laboriosam tenetur cumque aut dolore consequuntur aliquid praesentium. Et officia quibusdam praesentium nihil. Modi tempora adipisci nisi sit ea. Voluptas est unde amet suscipit voluptate facere. Commodi totam veritatis fuga et suscipit officiis enim.',
        '2006-01-25 02:26:41'),
       (61, 61, 61,
        'Impedit et placeat quaerat cupiditate inventore. Accusamus sit expedita et eos alias. Est minima deserunt asperiores expedita pariatur et voluptatem quia. Facilis qui voluptatem est repellendus nostrum itaque unde impedit. Eveniet architecto non debitis ipsa consectetur consequatur.',
        '2006-10-16 04:58:14'),
       (62, 62, 62,
        'Eos eos iste officia in velit facilis ducimus. Explicabo sequi eveniet ut. Nostrum voluptates error omnis. Voluptates aliquid soluta numquam voluptatibus repellat et enim. Quaerat et magni accusamus veritatis.',
        '2015-01-24 17:24:14'),
       (63, 63, 63,
        'Provident voluptatem hic laborum provident aperiam totam. A a ipsam qui et. Natus et sit itaque voluptas. Quisquam sapiente maiores nihil non ratione et. Quaerat dolorum quia quidem sequi commodi.',
        '2010-03-16 15:43:27'),
       (64, 64, 64,
        'Ab consequatur beatae enim ut veniam nam sunt. Sit tempore dolores quaerat nobis. Ad eius quia sit et et voluptatum officia. Molestiae facere earum tempore placeat.',
        '1991-04-06 09:32:51'),
       (65, 65, 65,
        'Omnis omnis consequatur quo aut inventore minus. Praesentium hic et et quis. Nihil modi tempora exercitationem est rem et sunt.',
        '1986-05-31 23:36:23'),
       (66, 66, 66,
        'Ea officiis sint officiis ut. Qui aut sed quas qui. Quia quia culpa quia omnis. Consequatur autem cumque voluptates facilis.',
        '2021-05-05 04:50:01'),
       (67, 67, 67,
        'Cupiditate qui repellat cumque sunt animi enim. Nihil aspernatur laboriosam ut ut. Nihil soluta excepturi reprehenderit dolorum molestias consequatur aut.',
        '1974-06-16 01:39:24'),
       (68, 68, 68,
        'Unde ipsum perspiciatis est. Officiis accusamus et earum corrupti. Quam autem et dolorum earum id id temporibus. Soluta consequatur asperiores sed incidunt. Ducimus facilis dolore eaque perferendis aut qui.',
        '1985-06-15 01:48:35'),
       (69, 69, 69,
        'Ut magni molestias fugit temporibus labore nemo. Numquam velit id placeat aut velit consequatur natus aperiam. Omnis consectetur reiciendis nulla quia. Laudantium hic aut incidunt.',
        '2020-12-12 23:38:54'),
       (70, 70, 70,
        'Temporibus exercitationem fugit et aut modi cumque voluptas autem. Ea velit consequatur quia ut. Soluta eligendi maiores rerum corporis. Sunt deleniti quibusdam quas consectetur eum eos libero ut.',
        '2002-02-16 06:42:02'),
       (71, 71, 71,
        'Veritatis ratione sit aut repellendus tempora est eaque. Repellendus quidem voluptates odio aut culpa. Enim est voluptatibus blanditiis quia facilis.',
        '1982-02-05 17:51:42'),
       (72, 72, 72,
        'Voluptatem maiores aspernatur aut tempore qui eos. Velit similique odit blanditiis rerum et inventore sed. Maxime aliquid et soluta eius voluptas odio voluptas qui. Recusandae voluptas pariatur eos sunt perspiciatis suscipit.',
        '1971-02-06 20:37:45'),
       (73, 73, 73,
        'Mollitia totam exercitationem deleniti consequuntur cupiditate omnis. Voluptatum nostrum omnis distinctio et molestias autem distinctio. Et qui sint facere ea.',
        '1994-08-24 19:24:03'),
       (74, 74, 74,
        'Nobis exercitationem deleniti dolore consequatur voluptatibus. Accusamus voluptas veniam facilis. Quia libero sint repellendus ut ut et non est.',
        '1973-01-03 13:59:57'),
       (75, 75, 75,
        'Iure voluptatem vel dolorem est deleniti. Temporibus et quam exercitationem occaecati. Fugiat suscipit minima voluptas quos. Pariatur necessitatibus provident non sed aut et.',
        '1988-03-01 06:56:25'),
       (76, 76, 76,
        'Aut odit vero dolorem voluptatem dolorum velit nemo et. Nam quo vero omnis consequatur nulla. Saepe iure est quo dolorum sit laboriosam quidem. Praesentium fuga aut accusamus.',
        '1987-05-30 18:59:53'),
       (77, 77, 77,
        'Repellendus soluta aut neque nihil et distinctio. Illo et id quia asperiores. Tempore assumenda facere excepturi possimus distinctio quas iure.',
        '1984-12-23 14:08:28'),
       (78, 78, 78,
        'Dolor consequatur repellat laudantium eaque. Libero quas beatae eos alias qui velit a ut. Numquam iusto nihil eum dolor. Consequatur non et quam autem. Consequuntur qui doloribus et voluptatem.',
        '1976-12-06 21:39:26'),
       (79, 79, 79,
        'Et molestiae unde voluptas iste debitis rerum architecto. Nisi officia quia laudantium quo. Vitae quod non velit cum necessitatibus.',
        '1981-03-18 00:37:27'),
       (80, 80, 80,
        'Deserunt ea quia pariatur. Harum autem iste dicta facere. Aliquam cupiditate delectus autem dolores rerum dicta. Assumenda totam ipsa quas nihil natus aliquid.',
        '1977-03-02 04:18:42'),
       (81, 81, 81,
        'Quas amet explicabo ea dolorem et repudiandae. Quo cumque cupiditate ea animi non eos. Totam voluptatem nulla voluptatem impedit. Ad est porro est.',
        '1997-05-10 15:13:45'),
       (82, 82, 82,
        'Ea itaque harum et et. Facere excepturi alias excepturi voluptas repellendus aperiam recusandae. Consectetur inventore magni perferendis enim. Laboriosam ut molestiae rerum.',
        '1990-11-20 21:07:14'),
       (83, 83, 83,
        'Veritatis error qui quo libero quis ipsa sunt. Aut repellat reiciendis et. Aut enim et voluptatem deserunt minus.',
        '2021-11-01 14:49:33'),
       (84, 84, 84,
        'Rem soluta incidunt enim unde dolores voluptatibus. Inventore cupiditate quia laborum et veritatis ut. Est voluptatem dolorem porro harum voluptas eum. Aut nobis ullam iure rerum iusto.',
        '1988-08-03 05:33:04'),
       (85, 85, 85,
        'Necessitatibus officia neque quia sequi maxime sit. Iste numquam neque quia recusandae officiis. Doloremque qui optio natus quia. Neque aliquid qui velit aspernatur.',
        '1992-03-28 09:53:11'),
       (86, 86, 86,
        'Quod voluptas et autem ex sapiente temporibus. Repudiandae vel aut qui doloribus eveniet minus. Itaque unde sed esse sint quo fugiat eos. Consectetur beatae temporibus ut.',
        '1997-09-18 20:40:01'),
       (87, 87, 87,
        'Ad at consequatur et libero fuga. Est non quasi quia deleniti officiis enim iste. Qui ad tenetur id deserunt laudantium.',
        '1981-02-08 00:13:41'),
       (88, 88, 88,
        'Reprehenderit velit esse et sunt deleniti veritatis. Est tempora nesciunt sit libero ut ut maxime praesentium. Est est quaerat sed amet consectetur saepe corporis ad. Nobis quasi eos distinctio.',
        '1991-04-15 00:51:52'),
       (89, 89, 89,
        'Quo optio necessitatibus architecto vitae voluptatem. Quia nobis molestiae assumenda ut. Pariatur laboriosam nostrum sunt voluptatem quo a est.',
        '1992-08-10 10:25:55'),
       (90, 90, 90,
        'Quo debitis hic officia voluptates ea ad. Et molestiae cupiditate quia et. Inventore ab aperiam eveniet recusandae molestiae. Praesentium quas eveniet ut.',
        '2004-05-04 16:21:08'),
       (91, 91, 91,
        'Eum quae nulla cumque delectus ullam. Corporis quia facilis dolores. Tenetur quaerat cum quos. Harum accusantium in laudantium ut quis.',
        '2003-02-16 04:04:34'),
       (92, 92, 92,
        'Voluptas est saepe ratione culpa enim. In beatae dolor quae aspernatur sapiente. Aperiam in numquam necessitatibus accusantium maxime qui.',
        '1981-03-22 00:18:48'),
       (93, 93, 93,
        'Illo rerum repellendus dignissimos blanditiis. Id deserunt fugit nihil sint ipsum dignissimos. Qui odio exercitationem delectus molestiae maxime.',
        '1999-09-07 07:59:48'),
       (94, 94, 94,
        'Et et quia dolore. Rerum quasi id sit qui accusantium quo. Beatae impedit expedita ullam quibusdam vel. In molestiae asperiores corrupti molestiae libero aut ab.',
        '1971-03-17 19:12:02'),
       (95, 95, 95, 'Atque corrupti repudiandae eveniet. Non et numquam velit optio.', '1975-09-11 07:57:10'),
       (96, 96, 96,
        'Possimus laboriosam debitis ipsa assumenda in id. Deserunt repellendus expedita debitis laborum commodi aspernatur placeat. Sequi officia placeat consequatur reprehenderit voluptatum enim reiciendis sed.',
        '1973-01-27 12:41:36'),
       (97, 97, 97,
        'Dicta in qui asperiores. Voluptatum earum ex ducimus omnis. Libero placeat labore repudiandae porro non consequatur delectus. Nihil perspiciatis voluptatem amet velit occaecati quo voluptates non. Corrupti tenetur error et dolorum quia autem.',
        '2020-04-15 18:39:55'),
       (98, 98, 98,
        'Fugiat illo inventore laborum consequatur enim et accusamus. Impedit temporibus sunt quia nesciunt est. Voluptatem officiis odit quis commodi error. Aperiam quia quia possimus animi.',
        '2000-11-25 02:53:54'),
       (99, 99, 99,
        'Similique aut ipsa quaerat voluptatum voluptatem. Quo enim fugiat atque aut pariatur quam velit. Dolores facilis dolor ut et aliquid et molestiae. Aut nulla veritatis molestiae maxime aut reiciendis.',
        '2019-11-13 23:58:52'),
       (100, 100, 100,
        'Cum ex facilis laudantium optio omnis voluptate. Maiores laboriosam dolores dolorum quam exercitationem.',
        '2009-09-10 11:55:12');
/*!40000 ALTER TABLE `messages`
    ENABLE KEYS */;
UNLOCK TABLES;

--
-- Table structure for table `photo_albums`
--

DROP TABLE IF EXISTS `photo_albums`;
/*!40101 SET @saved_cs_client = @@character_set_client */;
/*!40101 SET character_set_client = utf8 */;
CREATE TABLE `photo_albums`
(
    `id`      bigint(20) unsigned NOT NULL AUTO_INCREMENT,
    `name`    varchar(255) COLLATE utf8mb4_unicode_ci DEFAULT NULL,
    `user_id` bigint(20) unsigned                     DEFAULT NULL,
    PRIMARY KEY (`id`),
    UNIQUE KEY `id` (`id`),
    KEY `user_id` (`user_id`),
    CONSTRAINT `photo_albums_ibfk_1` FOREIGN KEY (`user_id`) REFERENCES `users` (`id`) ON DELETE SET NULL ON UPDATE CASCADE
) ENGINE = InnoDB
  AUTO_INCREMENT = 101
  DEFAULT CHARSET = utf8mb4
  COLLATE = utf8mb4_unicode_ci;
/*!40101 SET character_set_client = @saved_cs_client */;

--
-- Dumping data for table `photo_albums`
--

LOCK TABLES `photo_albums` WRITE;
/*!40000 ALTER TABLE `photo_albums`
    DISABLE KEYS */;
INSERT INTO `photo_albums`
VALUES (1, 'ipsa', 1),
       (2, 'nesciunt', 2),
       (3, 'autem', 3),
       (4, 'quos', 4),
       (5, 'quis', 5),
       (6, 'omnis', 6),
       (7, 'quae', 7),
       (8, 'at', 8),
       (9, 'voluptas', 9),
       (10, 'sit', 10),
       (11, 'nihil', 11),
       (12, 'rem', 12),
       (13, 'atque', 13),
       (14, 'et', 14),
       (15, 'ut', 15),
       (16, 'tempora', 16),
       (17, 'temporibus', 17),
       (18, 'minus', 18),
       (19, 'aut', 19),
       (20, 'nostrum', 20),
       (21, 'a', 21),
       (22, 'porro', 22),
       (23, 'quaerat', 23),
       (24, 'quibusdam', 24),
       (25, 'quia', 25),
       (26, 'doloribus', 26),
       (27, 'maiores', 27),
       (28, 'voluptas', 28),
       (29, 'omnis', 29),
       (30, 'expedita', 30),
       (31, 'iusto', 31),
       (32, 'aut', 32),
       (33, 'et', 33),
       (34, 'commodi', 34),
       (35, 'nihil', 35),
       (36, 'dolores', 36),
       (37, 'natus', 37),
       (38, 'blanditiis', 38),
       (39, 'ducimus', 39),
       (40, 'voluptatem', 40),
       (41, 'commodi', 41),
       (42, 'vel', 42),
       (43, 'iste', 43),
       (44, 'neque', 44),
       (45, 'fugiat', 45),
       (46, 'aut', 46),
       (47, 'est', 47),
       (48, 'voluptas', 48),
       (49, 'ex', 49),
       (50, 'est', 50),
       (51, 'facilis', 51),
       (52, 'et', 52),
       (53, 'eius', 53),
       (54, 'aut', 54),
       (55, 'dolorem', 55),
       (56, 'occaecati', 56),
       (57, 'excepturi', 57),
       (58, 'rerum', 58),
       (59, 'dolores', 59),
       (60, 'facere', 60),
       (61, 'quia', 61),
       (62, 'odio', 62),
       (63, 'temporibus', 63),
       (64, 'suscipit', 64),
       (65, 'id', 65),
       (66, 'nihil', 66),
       (67, 'tenetur', 67),
       (68, 'labore', 68),
       (69, 'esse', 69),
       (70, 'consequuntur', 70),
       (71, 'animi', 71),
       (72, 'asperiores', 72),
       (73, 'voluptatum', 73),
       (74, 'ut', 74),
       (75, 'velit', 75),
       (76, 'nam', 76),
       (77, 'et', 77),
       (78, 'quia', 78),
       (79, 'optio', 79),
       (80, 'in', 80),
       (81, 'iusto', 81),
       (82, 'modi', 82),
       (83, 'voluptates', 83),
       (84, 'ut', 84),
       (85, 'velit', 85),
       (86, 'ut', 86),
       (87, 'ut', 87),
       (88, 'reiciendis', 88),
       (89, 'qui', 89),
       (90, 'sunt', 90),
       (91, 'necessitatibus', 91),
       (92, 'explicabo', 92),
       (93, 'quae', 93),
       (94, 'esse', 94),
       (95, 'quis', 95),
       (96, 'molestiae', 96),
       (97, 'aliquid', 97),
       (98, 'ratione', 98),
       (99, 'saepe', 99),
       (100, 'optio', 100);
/*!40000 ALTER TABLE `photo_albums`
    ENABLE KEYS */;
UNLOCK TABLES;

--
-- Table structure for table `photos`
--

DROP TABLE IF EXISTS `photos`;
/*!40101 SET @saved_cs_client = @@character_set_client */;
/*!40101 SET character_set_client = utf8 */;
CREATE TABLE `photos`
(
    `id`       bigint(20) unsigned NOT NULL AUTO_INCREMENT,
    `album_id` bigint(20) unsigned NOT NULL,
    `media_id` bigint(20) unsigned NOT NULL,
    PRIMARY KEY (`id`),
    KEY `album_id` (`album_id`),
    KEY `media_id` (`media_id`),
    CONSTRAINT `photos_ibfk_1` FOREIGN KEY (`album_id`) REFERENCES `photo_albums` (`id`) ON DELETE CASCADE ON UPDATE CASCADE,
    CONSTRAINT `photos_ibfk_2` FOREIGN KEY (`media_id`) REFERENCES `media` (`id`) ON DELETE CASCADE ON UPDATE CASCADE
) ENGINE = InnoDB
  AUTO_INCREMENT = 101
  DEFAULT CHARSET = utf8mb4
  COLLATE = utf8mb4_unicode_ci;
/*!40101 SET character_set_client = @saved_cs_client */;

--
-- Dumping data for table `photos`
--

LOCK TABLES `photos` WRITE;
/*!40000 ALTER TABLE `photos`
    DISABLE KEYS */;
INSERT INTO `photos`
VALUES (1, 1, 1),
       (2, 2, 2),
       (3, 3, 3),
       (4, 4, 4),
       (5, 5, 5),
       (6, 6, 6),
       (7, 7, 7),
       (8, 8, 8),
       (9, 9, 9),
       (10, 10, 10),
       (11, 11, 11),
       (12, 12, 12),
       (13, 13, 13),
       (14, 14, 14),
       (15, 15, 15),
       (16, 16, 16),
       (17, 17, 17),
       (18, 18, 18),
       (19, 19, 19),
       (20, 20, 20),
       (21, 21, 21),
       (22, 22, 22),
       (23, 23, 23),
       (24, 24, 24),
       (25, 25, 25),
       (26, 26, 26),
       (27, 27, 27),
       (28, 28, 28),
       (29, 29, 29),
       (30, 30, 30),
       (31, 31, 31),
       (32, 32, 32),
       (33, 33, 33),
       (34, 34, 34),
       (35, 35, 35),
       (36, 36, 36),
       (37, 37, 37),
       (38, 38, 38),
       (39, 39, 39),
       (40, 40, 40),
       (41, 41, 41),
       (42, 42, 42),
       (43, 43, 43),
       (44, 44, 44),
       (45, 45, 45),
       (46, 46, 46),
       (47, 47, 47),
       (48, 48, 48),
       (49, 49, 49),
       (50, 50, 50),
       (51, 51, 51),
       (52, 52, 52),
       (53, 53, 53),
       (54, 54, 54),
       (55, 55, 55),
       (56, 56, 56),
       (57, 57, 57),
       (58, 58, 58),
       (59, 59, 59),
       (60, 60, 60),
       (61, 61, 61),
       (62, 62, 62),
       (63, 63, 63),
       (64, 64, 64),
       (65, 65, 65),
       (66, 66, 66),
       (67, 67, 67),
       (68, 68, 68),
       (69, 69, 69),
       (70, 70, 70),
       (71, 71, 71),
       (72, 72, 72),
       (73, 73, 73),
       (74, 74, 74),
       (75, 75, 75),
       (76, 76, 76),
       (77, 77, 77),
       (78, 78, 78),
       (79, 79, 79),
       (80, 80, 80),
       (81, 81, 81),
       (82, 82, 82),
       (83, 83, 83),
       (84, 84, 84),
       (85, 85, 85),
       (86, 86, 86),
       (87, 87, 87),
       (88, 88, 88),
       (89, 89, 89),
       (90, 90, 90),
       (91, 91, 91),
       (92, 92, 92),
       (93, 93, 93),
       (94, 94, 94),
       (95, 95, 95),
       (96, 96, 96),
       (97, 97, 97),
       (98, 98, 98),
       (99, 99, 99),
       (100, 100, 100);
/*!40000 ALTER TABLE `photos`
    ENABLE KEYS */;
UNLOCK TABLES;

--
-- Table structure for table `profiles`
--

DROP TABLE IF EXISTS `profiles`;
/*!40101 SET @saved_cs_client = @@character_set_client */;
/*!40101 SET character_set_client = utf8 */;
CREATE TABLE `profiles`
(
    `user_id`    bigint(20) unsigned NOT NULL AUTO_INCREMENT,
    `gender`     char(1) COLLATE utf8mb4_unicode_ci      DEFAULT NULL,
    `birthday`   date                                    DEFAULT NULL,
    `photo_id`   bigint(20) unsigned                     DEFAULT NULL,
    `created_at` datetime                                DEFAULT current_timestamp(),
    `hometown`   varchar(100) COLLATE utf8mb4_unicode_ci DEFAULT NULL,
    PRIMARY KEY (`user_id`),
    KEY `fk_photo_id` (`photo_id`),
    CONSTRAINT `fk_photo_id` FOREIGN KEY (`photo_id`) REFERENCES `photos` (`id`) ON DELETE SET NULL ON UPDATE CASCADE,
    CONSTRAINT `fk_user_id` FOREIGN KEY (`user_id`) REFERENCES `users` (`id`) ON DELETE CASCADE ON UPDATE CASCADE
) ENGINE = InnoDB
  AUTO_INCREMENT = 101
  DEFAULT CHARSET = utf8mb4
  COLLATE = utf8mb4_unicode_ci;
/*!40101 SET character_set_client = @saved_cs_client */;

--
-- Dumping data for table `profiles`
--

LOCK TABLES `profiles` WRITE;
/*!40000 ALTER TABLE `profiles`
    DISABLE KEYS */;
INSERT INTO `profiles`
VALUES (1, 'P', '1981-05-30', 1, '1993-11-07 06:46:09', '258 Herbert Shoals\nAngusland, OH 79018-3989'),
       (2, 'M', '2000-04-29', 2, '1978-10-14 19:35:29', '820 Cassin Plaza\nMaeganshire, WV 36833-2968'),
       (3, 'M', '1982-04-21', 3, '1975-05-13 08:43:28', '540 Autumn Ports\nRempelshire, TN 59737-4206'),
       (4, 'M', '2020-03-25', 4, '1985-10-10 05:11:32', '66508 Padberg Fields\nWilkinsonstad, FL 56408'),
       (5, 'M', '2020-11-25', 5, '1995-08-16 23:08:12', '044 Marjory Union\nJasminmouth, DE 82246'),
       (6, 'M', '2015-06-01', 6, '2008-11-29 19:58:59', '20026 Mayra Field\nLake Monroemouth, ID 36577'),
       (7, 'D', '1996-10-31', 7, '2014-09-11 10:10:01', '16791 Amber Dale\nAlbinborough, NC 50065-3763'),
       (8, 'D', '1996-02-01', 8, '2021-11-26 00:44:14', '633 Graham Cape Suite 376\nJustinaton, AL 85417'),
       (9, 'P', '2009-05-16', 9, '2021-06-14 15:10:05', '118 Ondricka Square Apt. 968\nNew Chelseaberg, NY 72108'),
       (10, 'P', '2005-09-07', 10, '2018-04-01 10:43:33', '752 Littel Highway\nFraneckibury, OR 47586-1030'),
       (11, 'P', '1993-04-29', 11, '1978-12-19 16:54:24', '837 Jeromy Path\nEast August, DC 08007'),
       (12, 'P', '1980-10-03', 12, '2002-05-29 03:59:34', '085 VonRueden Islands\nEast Emeliaview, IA 39190-7038'),
       (13, 'P', '1973-01-31', 13, '1987-05-13 22:31:45', '77998 Natalia Mountain\nNorth Herbert, NH 77966-2610'),
       (14, 'D', '2014-10-03', 14, '1986-08-12 21:43:05',
        '00008 Lucile Crossroad Apt. 421\nDeshaunchester, FL 88146-3308'),
       (15, 'P', '1975-06-01', 15, '1982-04-28 14:04:30', '824 Clotilde Tunnel\nCreminstad, WY 02885-7086'),
       (16, 'P', '1998-12-24', 16, '1979-05-19 19:06:04', '7333 Dickens Causeway\nO\'Reillybury, NJ 42178-1852'),
       (17, 'P', '1992-09-11', 17, '2012-04-20 19:52:23', '0504 Gretchen Key Apt. 778\nYundtland, CA 31344'),
       (18, 'M', '1997-06-29', 18, '2004-01-04 18:31:01', '600 Dare Port\nPort Jamarburgh, CA 44320-2861'),
       (19, 'M', '1999-12-28', 19, '2013-08-15 20:42:27', '3882 Mark Locks Suite 638\nPort Anjaliview, VT 62373-1357'),
       (20, 'P', '2021-11-14', 20, '2004-03-17 15:57:38', '2423 Heloise Mountains Suite 503\nWest Candido, GA 62778'),
       (21, 'P', '2013-07-25', 21, '2007-04-10 17:28:45', '169 Issac Rest\nPort Frida, NE 92032'),
       (22, 'P', '2017-12-22', 22, '1991-09-05 03:55:03', '91446 Davis Corner\nFritschbury, MD 25991-4472'),
       (23, 'D', '1988-03-25', 23, '1989-02-21 05:07:11', '94193 Josianne Gateway\nWest Generalview, HI 53339-7457'),
       (24, 'D', '1974-11-28', 24, '1973-04-18 08:08:22', '42650 Littel Burg Suite 168\nEvebury, UT 23818'),
       (25, 'P', '2019-03-07', 25, '2001-03-08 10:41:28', '64690 Grant Common Suite 917\nLake Quinn, DC 15967-8808'),
       (26, 'D', '1976-04-28', 26, '2001-07-10 19:27:48', '675 Bosco Neck\nPort Cheyenneshire, AL 54178'),
       (27, 'M', '1971-09-16', 27, '2001-09-30 18:46:53', '1397 Jimmie Corners\nPort Curtfort, NJ 33346-6489'),
       (28, 'M', '1981-07-17', 28, '1989-12-09 14:02:02', '6726 Darwin Rapid Apt. 285\nEast Mateoside, AZ 13024-3172'),
       (29, 'P', '1986-11-02', 29, '1991-04-28 06:05:36', '02675 Hettinger Club\nBernierfurt, VT 19382'),
       (30, 'M', '1980-01-05', 30, '2017-09-09 23:09:03', '39889 Maddison Village\nEast Shanna, MS 24572'),
       (31, 'M', '1979-12-01', 31, '1997-02-13 10:21:51', '716 Champlin Neck\nWest Maxwellfurt, HI 45741-7033'),
       (32, 'M', '1985-08-19', 32, '1986-06-29 15:27:23', '5855 Willms Islands Apt. 005\nCronaberg, SD 35834-6027'),
       (33, 'M', '2017-02-26', 33, '2019-05-03 07:11:51', '754 Geovany Views\nCristianland, KS 32673-2825'),
       (34, 'M', '2001-02-23', 34, '1970-11-15 19:18:04', '46605 Kautzer Plains\nAltenwerthhaven, UT 91664-3702'),
       (35, 'P', '2015-04-21', 35, '2021-02-04 21:02:27', '6086 Schmidt Islands\nPort Rosemaryside, NC 12106'),
       (36, 'M', '2002-02-20', 36, '1983-08-05 09:31:48', '3113 Deshaun Spring Apt. 507\nWest Heidi, WA 29501-5496'),
       (37, 'M', '1980-12-30', 37, '2007-12-25 11:33:56', '7077 Rahul Expressway\nGoldnerport, ND 71609-3767'),
       (38, 'M', '1996-05-28', 38, '1987-03-29 20:02:51', '46333 Eloisa Pines\nNew Aletha, WY 52827'),
       (39, 'M', '1976-07-23', 39, '2002-02-06 13:11:11',
        '47365 Josefina Villages\nWest Jaquelineborough, MA 27977-3607'),
       (40, 'P', '2005-08-10', 40, '1976-09-30 15:18:30', '118 Rebekah Highway Apt. 074\nEast Seanton, KS 70721'),
       (41, 'M', '1972-10-22', 41, '2020-03-13 05:14:28', '29123 Dewayne Lane Apt. 348\nLake Tracey, UT 59150-0607'),
       (42, 'M', '1972-06-05', 42, '1993-05-10 17:57:17', '0116 Sigmund Knoll Apt. 840\nRodriguezfort, IN 71159-1281'),
       (43, 'P', '2020-05-02', 43, '1977-01-11 14:56:13', '86070 Jett Junctions\nJaydefurt, FL 42792'),
       (44, 'P', '2014-12-12', 44, '2008-08-25 21:05:06', '1778 Wyman Corner Apt. 879\nWest Josiah, IA 71076-7893'),
       (45, 'M', '1987-04-21', 45, '1992-03-06 14:24:53', '41009 Erika Summit Suite 758\nSouth Maida, VT 07448-9295'),
       (46, 'D', '1986-10-24', 46, '1999-10-04 01:24:21', '017 Graham Island\nJewellstad, WA 12885-6538'),
       (47, 'M', '2005-02-04', 47, '1987-01-31 11:24:13', '138 Kihn Walks Suite 552\nPort Porter, LA 31341'),
       (48, 'P', '1999-09-16', 48, '2001-05-14 09:21:27', '71992 VonRueden Bridge Apt. 286\nNew Leone, FL 23513-2464'),
       (49, 'P', '1970-10-06', 49, '2019-08-26 02:09:18', '30357 Turner Mountains\nWindlerchester, FL 54204'),
       (50, 'P', '1995-11-06', 50, '1991-08-21 16:48:31', '716 Marjory Ramp\nSouth Arnulfo, LA 54016-8176'),
       (51, 'P', '2022-02-18', 51, '1990-01-07 09:38:22', '900 Cronin Roads Suite 104\nNew Lera, VA 86545-5323'),
       (52, 'P', '1976-07-31', 52, '2003-08-17 22:50:11', '174 Van Parks\nJasonside, AK 84374-8246'),
       (53, 'M', '2001-12-27', 53, '1991-11-05 08:09:05', '51266 Elaina Motorway\nPort Greg, CA 75306'),
       (54, 'P', '1990-06-09', 54, '1978-11-04 16:11:41', '773 Rosalia Vista Apt. 881\nNew Earlfurt, MI 51305'),
       (55, 'M', '1987-02-21', 55, '2005-09-03 23:22:36', '083 Mante Wall\nPort Kacie, MI 26402'),
       (56, 'D', '1994-09-27', 56, '1976-02-03 12:21:21', '698 Denesik Walks\nEast Ivah, MD 19045'),
       (57, 'M', '2014-04-15', 57, '2001-09-13 00:58:19', '44120 Bailey Roads\nPort Major, TN 15362'),
       (58, 'D', '1996-12-10', 58, '1990-12-07 07:20:24', '23729 Schmeler Cliff\nNorth Josefaborough, AL 20144'),
       (59, 'P', '2009-03-08', 59, '2021-05-27 04:22:45', '0508 Nya Coves Apt. 100\nHermistonton, MN 10412'),
       (60, 'D', '1999-08-24', 60, '1983-04-29 20:30:12', '729 Monahan Pass Suite 526\nEstellmouth, HI 67836-5257'),
       (61, 'M', '1995-07-25', 61, '2020-01-08 02:30:30', '5964 Liana Well Apt. 818\nNorth Cordelia, VA 91626'),
       (62, 'M', '1973-12-17', 62, '2006-10-24 20:37:13', '806 Ole Turnpike\nLake Orphashire, SC 31551-6830'),
       (63, 'D', '2001-01-08', 63, '1998-06-03 20:53:56', '88163 Mayer Stream\nWittingtown, ND 03310'),
       (64, 'D', '2002-04-15', 64, '2010-07-16 07:50:51', '890 Stokes Skyway\nLake Adriannachester, OR 18443-3969'),
       (65, 'D', '1993-04-05', 65, '1979-10-04 09:24:48',
        '92462 Powlowski Mill Suite 567\nEast Alvisland, CA 58153-7088'),
       (66, 'D', '1977-03-08', 66, '1983-09-22 04:09:06', '21747 Lynch Ramp\nNew Preciousville, TX 22766'),
       (67, 'D', '1981-07-20', 67, '1992-12-14 23:18:58', '0215 Spencer Isle Suite 152\nWest Nikkoland, NV 37937-4047'),
       (68, 'P', '1988-08-13', 68, '2001-07-21 02:40:08',
        '5372 Kilback Extension Suite 626\nRippinbury, NV 06679-5172'),
       (69, 'P', '1994-03-29', 69, '2008-02-07 02:32:06', '2804 Candida Views\nEast Adele, ID 11495-4101'),
       (70, 'D', '1998-10-26', 70, '2011-03-06 20:25:15',
        '22468 Shanahan Drives Suite 473\nLegrosshire, FL 05868-4579'),
       (71, 'M', '1981-04-27', 71, '1991-01-01 11:19:49',
        '42255 Bahringer Rapid Suite 420\nTatyanaport, PA 17264-1565'),
       (72, 'M', '2007-06-01', 72, '1994-11-22 14:26:40', '088 Clair Ramp\nVenaland, CA 46362-4602'),
       (73, 'D', '1994-11-29', 73, '2018-12-16 09:31:23', '66305 Haskell Spring Suite 872\nEast Melany, DC 99616-0092'),
       (74, 'P', '1982-10-19', 74, '2015-10-19 14:48:15', '91255 Brown Shoals\nNew Natalie, NY 90277'),
       (75, 'M', '2020-09-18', 75, '2002-12-23 06:43:57',
        '5576 VonRueden Mountain Apt. 602\nEstebanshire, SD 71035-5982'),
       (76, 'P', '1986-09-16', 76, '2018-07-01 07:49:08', '2416 Hilpert Point\nNew Johanna, WY 26325-5162'),
       (77, 'P', '2001-09-14', 77, '2012-09-10 02:57:50', '5840 Fadel Station Suite 694\nHoppeport, LA 54280-3576'),
       (78, 'M', '1990-07-12', 78, '2018-10-27 04:19:52', '7433 Hessel Path\nLaronside, TX 00190'),
       (79, 'P', '1972-07-26', 79, '1986-11-25 21:10:49', '77953 Schuppe Row\nSouth Jefferyberg, SD 32317-0183'),
       (80, 'P', '1989-01-22', 80, '2017-05-28 20:33:03', '21397 Hattie Rest Suite 869\nRollinside, WV 09792-6938'),
       (81, 'P', '1973-05-29', 81, '1988-05-18 04:40:01', '437 Schuster Greens\nJoeyburgh, TN 19331-3693'),
       (82, 'M', '2018-07-31', 82, '2006-04-28 09:00:02', '0065 Carlos Stravenue\nPort Desiree, UT 78681'),
       (83, 'M', '1989-01-15', 83, '1970-04-25 14:53:50', '6641 Weimann Passage\nPort Lew, WA 12069-5795'),
       (84, 'P', '2015-03-15', 84, '1973-12-21 22:11:56', '406 Padberg Cliff\nEast Lucy, NH 08251'),
       (85, 'D', '1979-01-27', 85, '1999-04-11 11:51:40', '9160 Lilliana Shoals Suite 992\nStarkside, CA 46592'),
       (86, 'M', '2019-10-31', 86, '2020-06-18 08:42:58', '995 Hyman Club\nStoltenbergtown, DE 88405'),
       (87, 'P', '1970-07-14', 87, '1981-09-11 20:11:51', '8901 Susanna Port Suite 466\nEast Vedaburgh, UT 65928-2598'),
       (88, 'M', '1992-10-07', 88, '2013-02-26 23:27:16', '73256 Auer Lakes Apt. 665\nHomenickbury, KY 75623'),
       (89, 'D', '2002-10-09', 89, '1971-04-14 04:58:55', '3420 Velma Square\nBeattyfurt, WI 06506-9773'),
       (90, 'D', '1984-09-06', 90, '1983-03-06 18:13:51', '21650 Aditya Motorway\nNorth Kristin, OK 24572-7453'),
       (91, 'P', '2008-06-10', 91, '1971-04-15 17:11:25', '02142 Cartwright Fords Suite 694\nPort Liliane, CT 38479'),
       (92, 'P', '1982-06-20', 92, '2020-06-24 17:29:41', '324 Montana Light\nPort Meaganburgh, OH 31577-5468'),
       (93, 'M', '1992-07-07', 93, '2020-11-24 23:08:36', '3805 Haley Parkways\nVernieport, VA 45742'),
       (94, 'D', '2013-01-30', 94, '2002-03-20 03:50:53', '15887 Reymundo Pines Suite 779\nHendersonstad, NC 03322'),
       (95, 'M', '1971-03-19', 95, '2007-07-26 23:53:47', '2340 Esteban Trace\nBreannestad, MN 56999-0655'),
       (96, 'P', '1999-08-23', 96, '1993-12-26 18:05:11', '84447 Ibrahim Isle\nMohrview, MD 92291-2206'),
       (97, 'M', '1993-07-30', 97, '2008-01-14 06:52:11', '95615 Belle Stravenue\nWest Rosemarieview, KS 65665'),
       (98, 'P', '1977-09-25', 98, '1981-02-16 06:47:09', '0976 Buckridge Lodge Apt. 706\nEast Morganmouth, RI 32662'),
       (99, 'M', '2012-12-07', 99, '1982-07-01 09:33:00', '483 Kimberly Manors Suite 388\nEast Ivy, WY 59556'),
       (100, 'M', '1999-08-18', 100, '1984-03-22 22:59:15', '69818 Woodrow Well\nNorth Annatown, FL 65710-0271');
/*!40000 ALTER TABLE `profiles`
    ENABLE KEYS */;
UNLOCK TABLES;

--
-- Table structure for table `users`
--

DROP TABLE IF EXISTS `users`;
/*!40101 SET @saved_cs_client = @@character_set_client */;
/*!40101 SET character_set_client = utf8 */;
CREATE TABLE `users`
(
    `id`            bigint(20) unsigned NOT NULL AUTO_INCREMENT,
    `firstname`     varchar(100) COLLATE utf8mb4_unicode_ci DEFAULT NULL,
    `lastname`      varchar(100) COLLATE utf8mb4_unicode_ci DEFAULT NULL COMMENT '',
    `email`         varchar(100) COLLATE utf8mb4_unicode_ci DEFAULT NULL,
    `password_hash` varchar(100) COLLATE utf8mb4_unicode_ci DEFAULT NULL,
    `phone`         bigint(20)                              DEFAULT NULL,
    `is_deleted`    bit(1)                                  DEFAULT b'0',
    PRIMARY KEY (`id`),
    UNIQUE KEY `email` (`email`),
    KEY `users_firstname_lastname_idx` (`firstname`, `lastname`)
) ENGINE = InnoDB
  AUTO_INCREMENT = 101
  DEFAULT CHARSET = utf8mb4
  COLLATE = utf8mb4_unicode_ci;
/*!40101 SET character_set_client = @saved_cs_client */;

--
-- Dumping data for table `users`
--

LOCK TABLES `users` WRITE;
/*!40000 ALTER TABLE `users`
    DISABLE KEYS */;
INSERT INTO `users`
VALUES (1, 'Oren', 'Kuhic', 'orn.karlie@example.org', '08a1d1e146e0f9d38b96fa99b80e812d2295f516', 9265986863, ''),
       (2, 'Nestor', 'Schinner', 'eino76@example.org', '8a863ddade7ba216df56a687a422ec17fd1c4011', 9180539438, '\0'),
       (3, 'Carmella', 'Halvorson', 'npfeffer@example.com', 'b0dd291023817e79de9d2fff306940b984e5c363', 9160574271,
        ''),
       (4, 'Jerad', 'Wisoky', 'shawna18@example.org', 'c5e9ed547de5a72dcb06e940fd16145fba9edfd8', 9247906632, '\0'),
       (5, 'Coby', 'Goyette', 'furman90@example.net', 'a2ba386d2108bc717f5f94a2d48cf6dbb9939572', 9866806587, '\0'),
       (6, 'Dahlia', 'Gottlieb', 'parisian.trey@example.org', '30e9b21b81b6f17be7efac02934990ddfab19b60', 9117214053,
        ''),
       (7, 'Cydney', 'Reynolds', 'hermiston.hipolito@example.com', 'ba2ced122b92de630b3af81acde610d8106b4459',
        9154840266, '\0'),
       (8, 'Antonietta', 'Anderson', 'bode.rod@example.org', '5435aa42ea5198aa04de4a8ae4c7435d71fb17b8', 9008862885,
        '\0'),
       (9, 'Sonny', 'Mohr', 'will.geoffrey@example.com', 'ef739d37c5f839ba3fc26bf4dab1624b97b081ad', 9867681297, ''),
       (10, 'Shana', 'Deckow', 'harmon.stark@example.com', 'e621eb6f97f0dc72ed8a14a2388ead4289033bce', 9884158517,
        '\0'),
       (11, 'Barbara', 'Pfannerstill', 'reta42@example.com', '494376055793fe719f0b04a3d176045506ce8bf4', 9055945061,
        ''),
       (12, 'Michelle', 'Jast', 'bosco.liliane@example.net', 'a9af6017869e460f9c6d3c5e436928023a6929cd', 9165715588,
        ''),
       (13, 'Nella', 'Padberg', 'reyna49@example.org', '2e0f2092b6586e1cf306f59ed4739f8f9c5ea472', 9452993059, ''),
       (14, 'Reinhold', 'Kerluke', 'ahamill@example.net', '680cbcfe8808e9b31ca8b356c0d5d9e77137b4a6', 9520141047, '\0'),
       (15, 'Magnus', 'Russel', 'kirsten45@example.com', '694af1b998f3e759e10c95cf0da0bcd49e12894a', 9066184628, ''),
       (16, 'Chanel', 'Pouros', 'eorn@example.org', 'ac940f34ed204cfc4512cf02c63cdcbe81c77f5b', 9242695469, '\0'),
       (17, 'Quinn', 'Huel', 'dibbert.kurtis@example.com', 'aa78f63c85a03d4155011daa41a49c5a11dcc9bf', 9921555966, ''),
       (18, 'Dessie', 'Murray', 'drobel@example.com', 'e43bffeb500039da19385e495a62697617072c93', 9667401034, ''),
       (19, 'Rodrick', 'Corwin', 'glenna32@example.net', '833db0111d1c77f31adfeaa4ee7516ea8db9cfff', 9550118785, '\0'),
       (20, 'General', 'Kutch', 'johns.sarah@example.org', 'd148707b6a4878ff8f9b7ab859a272430001d183', 9909746693, ''),
       (21, 'Lia', 'Stroman', 'dolly.erdman@example.org', 'e840282223b133eb70c950fd7671e6eddba88f8d', 9485394174, ''),
       (22, 'Logan', 'Pollich', 'carmen21@example.org', 'd636e09d5f0ebc90aea8f21295353353ddd8fe6b', 9470938250, '\0'),
       (23, 'Ada', 'Hettinger', 'dorian.kunze@example.com', '48dbbb597d13967ec484afd3f9f0d817321749f0', 9120676929,
        ''),
       (24, 'Kaitlyn', 'Tremblay', 'anissa.o\'conner@example.com', 'b728675d75aa0381746cb31fb325d1fdd9c7c604',
        9995602412, '\0'),
       (25, 'Margarett', 'Gerhold', 'greenfelder.wendell@example.net', '133fd29ca278ccc323bbf0199d57b53f4483d9ae',
        9805002554, '\0'),
       (26, 'Madge', 'Hoppe', 'moore.adolfo@example.org', '2ba7f7bc81d81e60283fd832123f6ea1c99911a9', 9546989161, ''),
       (27, 'Flavio', 'Hettinger', 'may.schultz@example.net', '2824620816b723bb7e461ed0aec1a889d6510547', 9833342225,
        ''),
       (28, 'Neoma', 'Harvey', 'jmorissette@example.com', 'e1e3a9833c60c51c9863c293609dbf48e14df7d2', 9059566289, '\0'),
       (29, 'Geraldine', 'Konopelski', 'smitham.kara@example.com', 'a6e2f59ae701ce78303cc8d98601e484522c5620',
        9894155018, ''),
       (30, 'Janis', 'Rice', 'arturo99@example.net', 'a671a046d81c762bd3f3d240c227a1bad8848bde', 9884894946, ''),
       (31, 'Charlene', 'Bergstrom', 'hbarrows@example.org', 'dbd64b19568972ef47db172dfb02cbae5ca5e710', 9888153495,
        '\0'),
       (32, 'Johnnie', 'Schiller', 'delaney05@example.com', '36fe3aee401a6b0de2c973d277271c7da4530ec8', 9306744073,
        ''),
       (33, 'Molly', 'Kub', 'grady.kristina@example.net', 'a0238845852186be95ac5ddbbabce634a7fee096', 9446254363, '\0'),
       (34, 'Hudson', 'Lesch', 'littel.blanca@example.net', 'b5b0d0b389eb64d2fafc24f4efb2e0046bdd8a22', 9631002171,
        ''),
       (35, 'Elda', 'Reichert', 'wiza.leonora@example.net', '991125e082303ee0aa0abbf7d7489cee10b77ade', 9386104937,
        '\0'),
       (36, 'Adell', 'Robel', 'maria16@example.org', '9533875a18b560dc5b7e733f1a6d9c4c59c4dfa6', 9838343486, ''),
       (37, 'Elinor', 'Yost', 'mnikolaus@example.net', 'a8f2cfd4664c055493cb5d61f045f6f91590ca42', 9711653577, '\0'),
       (38, 'Eli', 'Kuvalis', 'ebuckridge@example.net', '434ee556bc4f8a2dbb7bea6169614d97c7cf0274', 9719587642, ''),
       (39, 'Kadin', 'Lueilwitz', 'mittie15@example.net', '0a9ae726823f1d08c604edc7a450c80ddbf69a84', 9243851098, '\0'),
       (40, 'Johnnie', 'Bahringer', 'barry84@example.org', '4500891b1fd2c1f284bbee18d5df6061fcb3fa5d', 9551507120,
        '\0'),
       (41, 'Elaina', 'Ledner', 'loy.shields@example.net', '61568f039f54a91b24ed845c5097eccbaf1b2b28', 9142488240,
        '\0'),
       (42, 'Marian', 'Labadie', 'rosamond.douglas@example.com', '5247b32c78c09dcae25e50e0d53608767fd3897b', 9652747606,
        ''),
       (43, 'Joe', 'Dietrich', 'emmanuel.parker@example.org', 'eea771c358b04ac83fc9e6e856b6ca4f905ba32a', 9445302084,
        '\0'),
       (44, 'Viviane', 'Corwin', 'ritchie.cathryn@example.net', 'c573875dfc11231bf805451314bbf5d085eccf24', 9079767085,
        '\0'),
       (45, 'Paxton', 'Bechtelar', 'easter30@example.com', 'f53546491c0722359b82863c84d5f9d815ce21bf', 9259417690, ''),
       (46, 'Roderick', 'McDermott', 'cassie34@example.org', '63431aed5bad6c2ad45f413d3a46173bb7acad25', 9322600983,
        '\0'),
       (47, 'Elwin', 'Lowe', 'bernie18@example.com', '6bb68143e500290643a6ec7f60384a7097e4a1f6', 9321787448, '\0'),
       (48, 'June', 'Graham', 'fkoss@example.com', '6f4257117fd1777f2aefa145b1c1eec023955cad', 9633066292, '\0'),
       (49, 'Kelton', 'Goyette', 'sstanton@example.net', 'c1ed1388037d5ec55223c1a9bdb87f7d29b2391b', 9905140539, '\0'),
       (50, 'Lexi', 'Hermann', 'schulist.ara@example.com', 'f8c827c3a28153767e009068698a490c9ecbcb8b', 9757669006,
        '\0'),
       (51, 'Celestine', 'Daniel', 'dennis18@example.net', '1bbea02d0151ab9a1be7a99c3550bfef28df33df', 9648080823, ''),
       (52, 'Annabel', 'Rolfson', 'effertz.jenifer@example.net', 'fcf3a3cfaf4a4e2f7645802501da9b901439f9c0', 9963391470,
        '\0'),
       (53, 'Alex', 'Rice', 'ewald.fritsch@example.org', '5714abfec74cd52aabf7890dff7e7cb453e28abf', 9806079155, '\0'),
       (54, 'Rossie', 'Sawayn', 'sammy29@example.com', 'dc7d4a025c62e1cce5537d05c283c6f74282e4e1', 9549124211, '\0'),
       (55, 'Roscoe', 'Grimes', 'francesca56@example.com', '64f2d7dd4f2da1afd18391c7f52384d298477c0f', 9324611142,
        '\0'),
       (56, 'Cyrus', 'Yundt', 'sdenesik@example.com', 'fcf47c36cf49dd0fcec606d82414710947771106', 9877050177, ''),
       (57, 'Alexanne', 'Cremin', 'zherzog@example.net', 'cb27dba21d045d64d70c1a7a6b7617919aae4a73', 9940316955, ''),
       (58, 'Jose', 'Kreiger', 'ckovacek@example.org', 'fdc818fdd4af4b49da0c34b5c97735c9ed1599df', 9218954817, '\0'),
       (59, 'Gaetano', 'Wilkinson', 'eeichmann@example.org', '3767871b06da8c0eaf7439f928e500c1fd89377f', 9450243938,
        ''),
       (60, 'Delaney', 'Connelly', 'providenci54@example.org', 'd19a6bd037faab9156d69b443d54a5a1e9e4a110', 9407911357,
        ''),
       (61, 'Wilford', 'Goodwin', 'luciano.blanda@example.net', 'c6ccacd70dab83997f063c709541fecdf87b7311', 9284141526,
        ''),
       (62, 'Sonya', 'Zieme', 'zetta.kuhic@example.com', '433abec8dd37d69b6b862a97cb78002621c922ef', 9957419086, ''),
       (63, 'Clemens', 'Fritsch', 'cecilia.parisian@example.com', 'd896ced6cf36fddda285c82fe316826a5b484a93',
        9920901092, '\0'),
       (64, 'Thelma', 'Mueller', 'boehm.kira@example.net', '77a9fc996cc67b71ae628fcd02b78a2c538c4c8d', 9702244647, ''),
       (65, 'Julius', 'O\'Connell', 'hemard@example.org', 'ed9c6519382f553927bdc48c97e30a3250b52bb6', 9809027774, ''),
       (66, 'Katelin', 'Weissnat', 'mac56@example.net', 'bd0f748f5c9c6d222776cc97c06226b6d6989495', 9956745414, '\0'),
       (67, 'Eldora', 'Lang', 'roob.justen@example.org', '3e8cc745cebb76cc5229739a7711ba1c8423c5dd', 9562074590, '\0'),
       (68, 'Meggie', 'Carter', 'marcelle82@example.com', 'f3f36ff8596aca17949421e7c548aac6fb5b7139', 9096024122, ''),
       (69, 'Danielle', 'Farrell', 'houston96@example.org', 'ea3445ff82e0466fb8f873ea21e321eed468380a', 9061083272,
        '\0'),
       (70, 'Laurine', 'Grimes', 'shanna72@example.com', 'af68498c1e60a74c4c9fab8ab49c24747a06225d', 9655233793, '\0'),
       (71, 'Linnie', 'Kuvalis', 'dawson46@example.org', '25a067048985d9501fe0dc18f1982f9a4e587650', 9870147205, '\0'),
       (72, 'Eda', 'Flatley', 'qosinski@example.net', 'a3b2205a5d00218b23cdad2fb1d3750094e6d4aa', 9477394318, ''),
       (73, 'Dedric', 'Ryan', 'tyrique91@example.org', '4b83c34344b847e6e64fa9e0c9ec3c7a6c24908c', 9174443852, ''),
       (74, 'Cara', 'Willms', 'kirk39@example.org', 'e3bb24378097ffdd7b762d90367995d45e414b8d', 9011957450, '\0'),
       (75, 'Rubie', 'Armstrong', 'gladyce64@example.org', '251d483694ae0c10edfb0195e6e6b889b74eea8b', 9579572068,
        '\0'),
       (76, 'Carmella', 'Blick', 'louie.stoltenberg@example.net', '9b5c434b6ee78722c7b6d1005a7fd8cc635a3966',
        9023326179, ''),
       (77, 'Abby', 'Crona', 'wsimonis@example.net', '5c8a19165d4626354d613f38dab39ae81785ddd1', 9313635734, '\0'),
       (78, 'Nova', 'Brown', 'florencio60@example.org', 'ecf766424059ebc71ce65d20b568238bf22d2d03', 9821069384, ''),
       (79, 'Kamren', 'Keebler', 'bahringer.ofelia@example.org', 'a14df3f03214deefbc662a9b3e9269947ab1ac0e', 9935153997,
        ''),
       (80, 'Lazaro', 'Paucek', 'dell.greenholt@example.net', '4f3765a5ee9289889955104825f734cd353b7365', 9104492506,
        ''),
       (81, 'Tristin', 'Harris', 'columbus97@example.com', '64818b785efe888bceea3fc8026d6289ab3e2e7d', 9254541698,
        '\0'),
       (82, 'Dennis', 'Kunde', 'jacobi.blaise@example.com', 'ddf0d189c47b1da3c6b9e400686cfba632078ccf', 9864060888,
        ''),
       (83, 'Freddie', 'VonRueden', 'viola.hudson@example.com', 'eaf5574a0e88ec6d63b52216c14c91144902154f', 9897230824,
        ''),
       (84, 'Retha', 'Bernier', 'jakubowski.travon@example.com', '0a3ce64fddec0e13f4a979a7d084996959c54aba', 9562346490,
        '\0'),
       (85, 'Earnest', 'Oberbrunner', 'williamson.warren@example.org', '136eba4d1aa8bdc248be322a01d6fc9876b00e0f',
        9886306988, '\0'),
       (86, 'Mayra', 'Fisher', 'lester45@example.net', '4ff320c3ab99c7538925861cfab42abdf8431374', 9372868740, '\0'),
       (87, 'Candido', 'Bruen', 'preynolds@example.com', 'fb25ca42a0fc58cac3a85ca29ace9ed133d74325', 9799678849, '\0'),
       (88, 'Emmanuelle', 'Collins', 'prince29@example.com', '4f8179ac0bb7702d5852860c5885c522b3da02bc', 9275321137,
        '\0'),
       (89, 'Esta', 'Mante', 'jeanne56@example.net', 'c57500a910d759f0e796e9e1cb3533ae970b90af', 9357738032, '\0'),
       (90, 'Imogene', 'Kertzmann', 'ioberbrunner@example.org', '06627478e1723d38198bc6837a0af2d0a0d7bf9e', 9816174377,
        '\0'),
       (91, 'Thora', 'Zemlak', 'dibbert.glen@example.com', 'f319f5d0a2f343990729b0e24c08f254dfbf02e0', 9201223244, ''),
       (92, 'Mike', 'Heller', 'anastasia37@example.com', '126d946cad705e48e543f4c16dee69e7e26f12e5', 9839421023, '\0'),
       (93, 'Myles', 'Roberts', 'xbashirian@example.com', '49cbd711e72c6bd0ab491a755e7f834dd48e0915', 9975036044, '\0'),
       (94, 'Rupert', 'Tremblay', 'felipe38@example.net', '786647139868f892cac671c8560b7ed93bc1a9fa', 9465255181, '\0'),
       (95, 'Juston', 'Zemlak', 'ekunze@example.com', '64641427302feca51c19076468f298a2dad6e242', 9657516000, ''),
       (96, 'Travon', 'Watsica', 'karianne.kirlin@example.org', 'e0cefef71937522e86d13d97f11f2b7e61698461', 9524575599,
        ''),
       (97, 'Kassandra', 'Gleichner', 'xkoch@example.org', 'b54c7f418eee5a92ec139c5f2da9effb164ae022', 9514247224,
        '\0'),
       (98, 'Maximilian', 'D\'Amore', 'alphonso26@example.net', 'bcc914c2e27dda816aff0dfe8938d7992456bf03', 9931752276,
        ''),
       (99, 'Kamren', 'Heathcote', 'kbayer@example.org', 'f197af75e86f8bce4d2f038dc2a698e7dfdf60d0', 9244058756, '\0'),
       (100, 'Sandy', 'Breitenberg', 'qtremblay@example.net', 'c86da59b3e695e949c9e30d76ce90a4a2ef03e42', 9853538388,
        '');
/*!40000 ALTER TABLE `users`
    ENABLE KEYS */;
UNLOCK TABLES;

--
-- Table structure for table `users_communities`
--

DROP TABLE IF EXISTS `users_communities`;
/*!40101 SET @saved_cs_client = @@character_set_client */;
/*!40101 SET character_set_client = utf8 */;
CREATE TABLE `users_communities`
(
    `user_id`      bigint(20) unsigned NOT NULL,
    `community_id` bigint(20) unsigned NOT NULL,
    PRIMARY KEY (`user_id`, `community_id`),
    KEY `community_id` (`community_id`),
    CONSTRAINT `users_communities_ibfk_1` FOREIGN KEY (`user_id`) REFERENCES `users` (`id`) ON DELETE CASCADE ON UPDATE CASCADE,
    CONSTRAINT `users_communities_ibfk_2` FOREIGN KEY (`community_id`) REFERENCES `communities` (`id`) ON DELETE CASCADE ON UPDATE CASCADE
) ENGINE = InnoDB
  DEFAULT CHARSET = utf8mb4
  COLLATE = utf8mb4_unicode_ci;
/*!40101 SET character_set_client = @saved_cs_client */;

--
-- Dumping data for table `users_communities`
--

LOCK TABLES `users_communities` WRITE;
/*!40000 ALTER TABLE `users_communities`
    DISABLE KEYS */;
INSERT INTO `users_communities`
VALUES (1, 58),
       (2, 88),
       (3, 78),
       (4, 39),
       (5, 63),
       (6, 98),
       (7, 42),
       (8, 77),
       (9, 17),
       (10, 21),
       (11, 81),
       (12, 35),
       (13, 27),
       (14, 60),
       (15, 65),
       (16, 51),
       (17, 23),
       (18, 24),
       (19, 69),
       (20, 28),
       (21, 52),
       (22, 72),
       (23, 91),
       (24, 6),
       (25, 8),
       (26, 68),
       (27, 31),
       (28, 54),
       (29, 12),
       (30, 22),
       (31, 76),
       (32, 93),
       (33, 79),
       (34, 47),
       (35, 66),
       (36, 26),
       (37, 95),
       (38, 16),
       (39, 75),
       (40, 30),
       (41, 80),
       (42, 50),
       (43, 4),
       (44, 55),
       (45, 87),
       (46, 82),
       (47, 96),
       (48, 83),
       (49, 44),
       (50, 45),
       (51, 7),
       (52, 62),
       (53, 20),
       (54, 84),
       (55, 9),
       (56, 13),
       (57, 92),
       (58, 18),
       (59, 3),
       (60, 48),
       (61, 41),
       (62, 19),
       (63, 46),
       (64, 1),
       (65, 36),
       (66, 99),
       (67, 97),
       (68, 33),
       (69, 38),
       (70, 40),
       (71, 32),
       (72, 71),
       (73, 56),
       (74, 86),
       (75, 74),
       (76, 25),
       (77, 53),
       (78, 14),
       (79, 94),
       (80, 43),
       (81, 59),
       (82, 61),
       (83, 49),
       (84, 57),
       (86, 15),
       (87, 73),
       (88, 64),
       (89, 100),
       (90, 90),
       (91, 89),
       (92, 67),
       (93, 70),
       (94, 11),
       (95, 34),
       (96, 37),
       (97, 10),
       (98, 85),
       (99, 29),
       (100, 5);
/*!40000 ALTER TABLE `users_communities`
    ENABLE KEYS */;
UNLOCK TABLES;
/*!40103 SET TIME_ZONE = @OLD_TIME_ZONE */;

/*!40101 SET SQL_MODE = @OLD_SQL_MODE */;
/*!40014 SET FOREIGN_KEY_CHECKS = @OLD_FOREIGN_KEY_CHECKS */;
/*!40014 SET UNIQUE_CHECKS = @OLD_UNIQUE_CHECKS */;
/*!40101 SET CHARACTER_SET_CLIENT = @OLD_CHARACTER_SET_CLIENT */;
/*!40101 SET CHARACTER_SET_RESULTS = @OLD_CHARACTER_SET_RESULTS */;
/*!40101 SET COLLATION_CONNECTION = @OLD_COLLATION_CONNECTION */;
/*!40111 SET SQL_NOTES = @OLD_SQL_NOTES */;

-- Dump completed on 2022-03-28  9:08:48
